name,I_F_goals_all,playerId_all
A.J. Greer,13.0,8478421
Aaron Downey,1.0,8465992
Aaron Ekblad,114.0,8477932
Aaron Gagnon,3.0,8471451
Aaron Johnson,10.0,8469534
Aaron MacKenzie,0.0,8471004
Aaron Ness,1.0,8474604
Aaron Palushaj,3.0,8474030
Aaron Rome,5.0,8470310
Aaron Volpatti,5.0,8475619
Aaron Voros,11.0,8469672
Aaron Ward,4.0,8458519
Aatu Raty,2.0,8482691
Adam Almquist,1.0,8475332
Adam Beckman,0.0,8481550
Adam Boqvist,23.0,8480871
Adam Brooks,6.0,8478996
Adam Burish,23.0,8470063
Adam Clendening,4.0,8476431
Adam Cracknell,21.0,8471490
Adam Edstrom,2.0,8481726
Adam Erne,41.0,8477454
Adam Fantilli,12.0,8484166
Adam Foote,1.0,8456283
Adam Fox,53.0,8479323
Adam Gaudette,28.0,8478874
Adam Ginning,1.0,8480874
Adam Hall,18.0,8467925
Adam Henrique,263.0,8474641
Adam Johnson,1.0,8480341
Adam Klapka,1.0,8483609
Adam Larsson,44.0,8476457
Adam Lowry,104.0,8476392
Adam Mair,15.0,8466216
Adam McQuaid,16.0,8471717
Adam Pardy,4.0,8471385
Adam Payerl,0.0,8476522
Adam Pelech,26.0,8476917
Adam Raska,0.0,8482197
Adam Ruzicka,14.0,8480008
Adrian Aucoin,23.0,8459053
Adrian Kempe,160.0,8477960
Aidan McDonough,1.0,8481683
Akil Thomas,3.0,8480851
Akim Aliu,2.0,8474049
Akito Hirose,0.0,8484254
Aku Raty,0.0,8481699
Alan Quine,10.0,8476409
Alec Martinez,83.0,8474166
Alec Regula,1.0,8480831
Aleksander Barkov,265.0,8477493
Aleksi Heponiemi,2.0,8480037
Aleksi Saarela,2.0,8478839
Ales Hemsky,104.0,8469466
Ales Kotalik,35.0,8467502
Alex Barr-Boulet,6.0,8479718
Alex Barre-Boulet,6.0,8479718
Alex Belzile,6.0,8475968
Alex Biega,4.0,8473415
Alex Broadhurst,0.0,8476283
Alex Chiasson,120.0,8475163
Alex DeBrincat,214.0,8479337
Alex Formenton,23.0,8480029
Alex Friesen,0.0,8475836
Alex Frolov,58.0,8468500
Alex Galchenyuk,146.0,8476851
Alex Goligoski,87.0,8471274
Alex Grant,2.0,8474005
Alex Henry,0.0,8467392
Alex Iafallo,97.0,8480113
Alex Kerfoot,13.0,8477021
Alex Khokhlachev,0.0,8476435
Alex Killorn,216.0,8473986
Alex Kovalev,62.0,8458529
Alex Laferriere,12.0,8482155
Alex Newhook,42.0,8481618
Alex Nylander,11.0,8479423
Alex Ovechkin,689.0,8471214
Alex Petrovic,2.0,8475755
Alex Pietrangelo,143.0,8474565
Alex Plante,0.0,8474046
Alex Steeves,0.0,8482634
Alex Tanguay,106.0,8467338
Alex Tuch,131.0,8477949
Alex Turcotte,1.0,8481532
Alex Vlasic,3.0,8481568
Alex Wennberg,51.0,8477505
Alexander Alexeyev,1.0,8480823
Alexander Barabanov,32.0,8482222
Alexander Burmistrov,37.0,8475788
Alexander Chmelevski,0.0,8480053
Alexander Edler,95.0,8471303
Alexander Holtz,19.0,8482125
Alexander Kerfoot,72.0,8477021
Alexander Nikulin,0.0,8471334
Alexander Nylander,14.0,8479423
Alexander Petrovic,3.0,8475755
Alexander Radulov,100.0,8471228
Alexander Romanov,13.0,8481014
Alexander Semin,165.0,8470120
Alexander Steen,197.0,8470257
Alexander Sulzer,7.0,8470685
Alexander True,0.0,8480384
Alexander Urbom,3.0,8475248
Alexander Vasyunov,1.0,8473605
Alexander Volkov,7.0,8480186
Alexander Wennberg,40.0,8477505
Alexander Yelesin,0.0,8481630
Alexandre Bolduc,2.0,8470719
Alexandre Burrows,182.0,8470358
Alexandre Carrier,10.0,8478851
Alexandre Fortin,4.0,8479657
Alexandre Giroux,4.0,8468086
Alexandre Grenier,0.0,8476414
Alexandre Picard,7.0,8471221
Alexandre Texier,34.0,8480074
Alexei Emelin,15.0,8471296
Alexei Ponikarovsky,67.0,8467412
Alexei Semenov,1.0,8467909
Alexei Toropchenko,2.0,8480281
Alexey Marchenko,4.0,8476289
Alexey Toropchenko,24.0,8480281
Alexis Lafreniere,31.0,8482109
Alexis Lafrenire,44.0,8482109
Aliaksei Protas,13.0,8481656
Anders Bjork,26.0,8478075
Anders Eriksson,0.0,8459443
Anders Lee,260.0,8475314
Andre Benoit,11.0,8470378
Andre Burakovsky,142.0,8477444
Andre Deveaux,0.0,8470301
Andre Petersson,0.0,8474670
Andre Roy,3.0,8460639
Andreas Athanasiou,127.0,8476960
Andreas Borgman,3.0,8480158
Andreas Englund,1.0,8477971
Andreas Engqvist,0.0,8475372
Andreas Johnsson,49.0,8477341
Andreas Lilja,4.0,8468534
Andreas Martinsen,9.0,8478561
Andreas Nodl,15.0,8473568
Andreas Thuresson,1.0,8474154
Andrei Chibisov,0.0,8481642
Andrei Kostitsyn,71.0,8470603
Andrei Kuzmenko,61.0,8483808
Andrei Loktionov,22.0,8474681
Andrei Markov,57.0,8467496
Andrei Mironov,1.0,8478842
Andrei Svechnikov,131.0,8480830
Andrej Meszaros,37.0,8471236
Andrej Nestrasil,17.0,8475250
Andrej Sekera,49.0,8471284
Andrej Sustr,11.0,8477205
Andrew Agozzino,3.0,8475461
Andrew Alberts,7.0,8469626
Andrew Bodnarchuk,0.0,8473550
Andrew Brunette,77.0,8459596
Andrew Campbell,0.0,8474638
Andrew Cogliano,173.0,8471699
Andrew Copp,105.0,8477429
Andrew Crescenzi,0.0,8476020
Andrew Desjardins,23.0,8471956
Andrew Ebbett,26.0,8473682
Andrew Ference,20.0,8466333
Andrew Gordon,3.0,8471409
Andrew Hutchinson,2.0,8467927
Andrew Joudrey,0.0,8470838
Andrew Ladd,225.0,8471217
Andrew MacDonald,28.0,8473584
Andrew MacWilliam,0.0,8474748
Andrew Mangiapane,109.0,8478233
Andrew Miller,1.0,8477249
Andrew Murray,18.0,8469685
Andrew Peeke,10.0,8479369
Andrew Peters,0.0,8467355
Andrew Poturalski,0.0,8479249
Andrew Shaw,116.0,8476381
Andrey Pedan,0.0,8476388
Andrey Zubarev,0.0,8471848
Andy Andreoff,14.0,8476404
Andy Greene,49.0,8472382
Andy Hilbert,11.0,8468517
Andy McDonald,76.0,8468434
Andy Miele,0.0,8476206
Andy Sutton,10.0,8467304
Andy Welinski,1.0,8476407
Andy Wozniewski,0.0,8471188
Angus Crookshank,2.0,8481065
Anssi Salmela,4.0,8474557
Anthony Angello,3.0,8478074
Anthony Beauvillier,116.0,8478463
Anthony Bitetto,3.0,8475868
Anthony Cirelli,98.0,8478519
Anthony Duclair,146.0,8477407
Anthony Greco,0.0,8479447
Anthony Mantha,142.0,8477511
Anthony Peluso,4.0,8474061
Anthony Richard,4.0,8478409
Anthony Stewart,25.0,8470618
Antoine Roussel,85.0,8474849
Antoine Vermette,156.0,8468535
Anton Babchuk,29.0,8470265
Anton Belov,1.0,8477289
Anton Blidh,4.0,8477320
Anton Klementyev,0.0,8475270
Anton Lander,10.0,8475165
Anton Levtchi,0.0,8483641
Anton Lindholm,0.0,8478073
Anton Lundell,43.0,8482113
Anton Rodin,0.0,8475210
Anton Slepyshev,10.0,8477415
Anton Stralman,60.0,8471873
Anton Volchenkov,9.0,8468501
Anton Wedin,0.0,8481637
Antti Miettinen,59.0,8468704
Antti Pihlstrom,2.0,8473973
Antti Suomela,4.0,8480965
Anze Kopitar,367.0,8471685
Arber Xhekaj,8.0,8482964
Arnaud Durandeau,0.0,8480242
Arron Asham,30.0,8465025
Arshdeep Bains,0.0,8483395
Artem Anisimov,180.0,8473573
Artem Zub,17.0,8482245
Artemi Kniazev,0.0,8481552
Artemi Panarin,265.0,8478550
Arthur Kaliyev,35.0,8481560
Arttu Ruotsalainen,7.0,8481626
Artturi Lehkonen,118.0,8477476
Arturs Kulda,0.0,8473459
Ashton Sautner,0.0,8477085
Austin Czarnik,18.0,8478512
Austin Poganski,0.0,8478040
Austin Strand,0.0,8480467
Austin Wagner,23.0,8478455
Austin Watson,60.0,8475766
Auston Matthews,368.0,8479318
Axel Jonsson-Fjallby,10.0,8479536
B.J. Crombeen,34.0,8470647
Barclay Goodrow,60.0,8476624
Barret Jackman,16.0,8467890
Barrett Hayton,35.0,8480849
Barry Tallackson,0.0,8470199
Beau Bennett,24.0,8475761
Beck Malenstyn,8.0,8479359
Ben Chiarot,41.0,8475279
Ben Eager,34.0,8470280
Ben Gleason,0.0,8479416
Ben Guite,5.0,8466300
Ben Hanowski,1.0,8475196
Ben Harpur,2.0,8477433
Ben Holmstrom,0.0,8475603
Ben Hutton,24.0,8477018
Ben Jones,0.0,8480259
Ben Lovejoy,20.0,8473933
Ben Maxwell,2.0,8473493
Ben McCartney,0.0,8481827
Ben Meyers,6.0,8483570
Ben Ondrus,0.0,8468868
Ben Sexton,0.0,8475328
Ben Smith,29.0,8474727
Ben Street,3.0,8476043
Ben Thomas,0.0,8478049
Ben Thomson,0.0,8476526
Ben Walter,0.0,8471372
Benn Ferriero,14.0,8473600
Benoit Pouliot,128.0,8471678
Benoit-Olivier Groulx,1.0,8480870
Bill Arnold,0.0,8475833
Bill Guerin,42.0,8456464
Bill Sweatt,0.0,8474035
Bill Thomas,7.0,8472361
Billy Sweezey,0.0,8482399
Blair Betts,19.0,8467361
Blair Jones,6.0,8471767
Blake Coleman,136.0,8476399
Blake Comeau,132.0,8471260
Blake Geoffrion,8.0,8473608
Blake Hillman,1.0,8479595
Blake Lizotte,37.0,8481481
Blake Pietila,1.0,8476370
Blake Speers,0.0,8478480
Blake Wheeler,321.0,8471218
Bo Groulx,0.0,8480870
Bo Horvat,241.0,8477500
Bobby Brink,11.0,8481553
Bobby Butler,20.0,8475637
Bobby Farnham,8.0,8476769
Bobby Holik,4.0,8447958
Bobby McMann,15.0,8482259
Bobby Robins,0.0,8472365
Bobby Ryan,256.0,8471676
Bobby Sanguinetti,2.0,8473610
Bogdan Kiselevich,0.0,8480955
Bogdan Yakimov,0.0,8477410
Bokondji Imama,1.0,8478147
Boo Nieves,5.0,8476922
Boone Jenner,192.0,8476432
Boris Katchouk,15.0,8479383
Boris Valabik,0.0,8471223
Borna Rendulic,1.0,8477916
Bowen Byram,26.0,8481524
Boyd Devereaux,6.0,8464960
Boyd Gordon,41.0,8470159
Boyd Kane,0.0,8465028
Bracken Kearns,3.0,8471996
Brad Boyes,125.0,8468504
Brad Hunt,26.0,8476779
Brad Lambert,0.0,8483471
Brad Lukowich,1.0,8460580
Brad Malone,14.0,8474089
Brad Marchand,401.0,8473419
Brad May,1.0,8457261
Brad Mills,1.0,8473927
Brad Richards,145.0,8467389
Brad Richardson,92.0,8470755
Brad Staubitz,10.0,8471521
Brad Stuart,21.0,8467331
Brad Winchester,32.0,8468515
Braden Schneider,12.0,8482073
Bradly Nadeau,0.0,8484203
Brady Austin,0.0,8477041
Brady Keeper,0.0,8481442
Brady Skjei,68.0,8476869
Brady Tkachuk,162.0,8480801
Brandon Baddock,0.0,8477631
Brandon Biro,2.0,8482061
Brandon Bochenski,4.0,8469666
Brandon Bollig,10.0,8475650
Brandon Carlo,28.0,8478443
Brandon Davidson,9.0,8475869
Brandon DeFazio,0.0,8476214
Brandon Dubinsky,139.0,8471273
Brandon Duhaime,20.0,8479520
Brandon Gignac,1.0,8479330
Brandon Gormley,2.0,8475759
Brandon Hagel,90.0,8479542
Brandon Kozun,2.0,8475295
Brandon Manning,14.0,8475430
Brandon Mashinter,4.0,8474850
Brandon McMillan,14.0,8474646
Brandon Montour,66.0,8477986
Brandon Pirri,72.0,8475204
Brandon Prust,40.0,8471283
Brandon Saad,253.0,8476438
Brandon Scanlin,0.0,8483407
Brandon Segal,11.0,8469755
Brandon Sutter,150.0,8474091
Brandon Tanev,74.0,8479293
Brandon Yip,29.0,8471450
Brandt Clarke,2.0,8482730
Brayden Irwin,0.0,8475638
Brayden McNabb,28.0,8475188
Brayden Pachal,2.0,8481167
Brayden Point,262.0,8478010
Brayden Schenn,260.0,8475170
Brayden Tracey,0.0,8481530
Braydon Coburn,37.0,8470601
Brendan Bell,6.0,8469516
Brendan Brisson,2.0,8482153
Brendan Gallagher,219.0,8475848
Brendan Gaunce,13.0,8476867
Brendan Guhle,4.0,8478425
Brendan Leipsic,16.0,8476894
Brendan Lemieux,35.0,8477962
Brendan Mikkelson,1.0,8471705
Brendan Morrison,41.0,8459461
Brendan Perlini,50.0,8477943
Brendan Ranford,0.0,8475896
Brendan Shanahan,6.0,8451302
Brendan Shinnimin,0.0,8475996
Brendan Smith,38.0,8474090
Brendan Witt,2.0,8459433
Brendan Woods,0.0,8476944
Brenden Dillon,37.0,8475455
Brenden Morrow,96.0,8466160
Brendon Nash,0.0,8475641
Brennan Menell,0.0,8479734
Brennan Othmann,0.0,8482747
Brent Burns,228.0,8470613
Brent Regner,0.0,8474698
Brent Seabrook,85.0,8470607
Brent Sopel,4.0,8462176
Bret Hedican,1.0,8456547
Brett Bellemore,4.0,8474135
Brett Bulmer,0.0,8475757
Brett Carson,2.0,8471321
Brett Clark,16.0,8465122
Brett Connolly,101.0,8475792
Brett Festerling,0.0,8471978
Brett Gallant,0.0,8474236
Brett Howden,39.0,8479353
Brett Kulak,21.0,8476967
Brett Leason,20.0,8481517
Brett Lebda,9.0,8471187
Brett Lernout,0.0,8478004
Brett MacLean,2.0,8474050
Brett McLean,7.0,8465968
Brett Murray,2.0,8479419
Brett Pesce,39.0,8477488
Brett Ritchie,50.0,8476439
Brett Seney,6.0,8478881
Brett Skinner,0.0,8470119
Brett Sterling,4.0,8470737
Brett Sutter,3.0,8471840
Brian Boyle,135.0,8470619
Brian Campbell,52.0,8466285
Brian Dumoulin,25.0,8475208
Brian Fahey,0.0,8468599
Brian Ferlin,0.0,8476363
Brian Flynn,27.0,8476808
Brian Gibbons,25.0,8476207
Brian Gionta,159.0,8467407
Brian Halonen,0.0,8483531
Brian Lashoff,2.0,8474873
Brian Lee,5.0,8471683
Brian McGrattan,8.0,8467977
Brian O'Neill,0.0,8476772
Brian Pinho,0.0,8477314
Brian Pothier,6.0,8468427
Brian Rafalski,21.0,8467856
Brian Rolston,56.0,8458525
Brian Salcido,0.0,8471803
Brian Strait,6.0,8473565
Brian Sutherby,15.0,8468506
Brian Willsie,1.0,8465113
Brinson Pasichnuk,0.0,8482369
Brock Boeser,179.0,8478444
Brock Faber,8.0,8482122
Brock McGinn,76.0,8476934
Brock Nelson,275.0,8475754
Brock Trotter,0.0,8474436
Brodie Dupont,0.0,8471728
Brody Sutter,0.0,8475980
Brogan Rafferty,0.0,8481479
Brooks Laich,98.0,8469639
Brooks Orpik,14.0,8468498
Bruno Gervais,13.0,8470774
Bryan Allen,9.0,8467332
Bryan Bickell,64.0,8471254
Bryan Helmer,0.0,8459406
Bryan Lerg,1.0,8474516
Bryan Little,211.0,8473412
Bryan McCabe,30.0,8459462
Bryan Rodney,1.0,8470988
Bryan Rust,172.0,8475810
Bryce Kindopp,0.0,8481815
Bryce Salvador,8.0,8460626
Bryce Van Brabant,0.0,8477847
Bud Holloway,0.0,8473431
Buddy Robinson,4.0,8477210
Byron Bitz,10.0,8470700
Byron Froese,7.0,8475278
C.J. Smith,2.0,8480083
CJ Suess,0.0,8478058
Cade Fairchild,0.0,8474029
Cal Clutterbuck,143.0,8473504
Cal Foote,5.0,8479984
Cal O'Reilly,17.0,8471811
Cale Fleury,1.0,8479985
Cale Makar,86.0,8480069
Caleb Jones,14.0,8478452
Calen Addison,6.0,8480884
Callahan Burke,0.0,8482250
Calle Jarnkrok,137.0,8475714
Calle Rosen,11.0,8480157
Calvin Thurkauf,0.0,8479557
Calvin de Haan,24.0,8475177
Cam Atkinson,249.0,8474715
Cam Barker,14.0,8471216
Cam Dineen,0.0,8479341
Cam Fowler,96.0,8475764
Cam Janssen,5.0,8470123
Cam Paddock,2.0,8469733
Cam York,15.0,8481546
Cameron Butler,0.0,8483045
Cameron Crotty,0.0,8480075
Cameron Gaunce,3.0,8474611
Cameron Hillis,0.0,8480858
Cameron Hughes,0.0,8478888
Cameron Schilling,0.0,8476799
Carl Dahlstrom,0.0,8477472
Carl Grundstrom,40.0,8479336
Carl Gunnarsson,30.0,8474125
Carl Hagelin,110.0,8474176
Carl Klingberg,1.0,8475159
Carl Sneep,0.0,8473539
Carl Soderberg,111.0,8471262
Carlo Colaiacovo,22.0,8469470
Carsen Twarynski,1.0,8479358
Carson McMillan,2.0,8474077
Carson Meyer,2.0,8480292
Carson Soucy,23.0,8477369
Carter Ashton,0.0,8475154
Carter Bancks,0.0,8474844
Carter Camper,1.0,8476211
Carter Rowney,24.0,8477240
Carter Verhaeghe,125.0,8477409
Casey Bailey,1.0,8478376
Casey Borer,0.0,8471282
Casey Cizikas,108.0,8475231
Casey Fitzgerald,0.0,8479578
Casey Mittelstadt,66.0,8479999
Casey Nelson,4.0,8479268
Casey Wellman,6.0,8475602
Cedric Paquette,51.0,8476975
Chad Billins,0.0,8476827
Chad Kolarik,0.0,8471411
Chad LaRose,67.0,8469812
Chad Rau,2.0,8471885
Chad Ruhwedel,13.0,8477244
Chandler Stephenson,89.0,8476905
Charles Hudon,14.0,8476948
Charles Linglet,0.0,8470370
Charlie Coyle,172.0,8475745
Charlie McAvoy,53.0,8479325
Chase Balisy,0.0,8476322
Chase De Leo,0.0,8478029
Chase Pearson,0.0,8478486
Chase Priskie,0.0,8479597
Chay Genoway,0.0,8476224
Chris Bigras,1.0,8477453
Chris Bourque,2.0,8471246
Chris Breen,0.0,8475648
Chris Brown,2.0,8475161
Chris Butler,14.0,8471761
Chris Campoli,21.0,8470329
Chris Chelios,0.0,8446053
Chris Clark,13.0,8460567
Chris Conner,18.0,8472368
Chris Drury,37.0,8460562
Chris Durno,4.0,8472263
Chris Gratton,0.0,8459425
Chris Higgins,93.0,8470274
Chris Kelly,87.0,8467967
Chris Kreider,303.0,8475184
Chris Kunitz,203.0,8470543
Chris Minard,1.0,8470383
Chris Mueller,3.0,8474535
Chris Neil,54.0,8467493
Chris Phillips,26.0,8464956
Chris Porter,15.0,8470871
Chris Pronger,26.0,8459424
Chris Stewart,160.0,8473485
Chris Summers,2.0,8473589
Chris Tanev,3.0,8475690
Chris Terry,22.0,8474052
Chris Thorburn,45.0,8469501
Chris Tierney,81.0,8476919
Chris VandeVelde,18.0,8471762
Chris Wagner,38.0,8475780
Chris Wideman,20.0,8475227
Christian Backman,2.0,8467348
Christian Djoos,7.0,8477043
Christian Dvorak,93.0,8477989
Christian Ehrhoff,57.0,8469555
Christian Fischer,61.0,8478432
Christian Folin,8.0,8477850
Christian Hanson,3.0,8475087
Christian Jaros,1.0,8478868
Christian Thomas,1.0,8475749
Christian Wolanin,6.0,8478846
Christoffer Ehn,5.0,8478036
Christoph Bertschy,0.0,8477006
Christoph Schubert,5.0,8469575
Christopher DiDomenico,6.0,8474018
Christopher Tanev,30.0,8475690
Chuck Kobasew,53.0,8469467
Clark Bishop,1.0,8478056
Clarke MacArthur,122.0,8470667
Claude Giroux,350.0,8473512
Claude Lemieux,0.0,8448772
Clay Wilson,3.0,8472262
Clayton Keller,166.0,8479343
Clayton Stoner,7.0,8470886
Cody Almond,2.0,8474042
Cody Bass,0.0,8471760
Cody Ceci,48.0,8476879
Cody Eakin,110.0,8475236
Cody Franson,43.0,8471742
Cody Glass,29.0,8479996
Cody Goloubef,3.0,8474597
Cody Hodgson,64.0,8474570
Cody Kunyk,0.0,8477832
Cody McCormick,13.0,8469591
Cody McLeod,68.0,8471657
Colby Armstrong,48.0,8469474
Colby Cave,4.0,8477529
Colby Cohen,0.0,8474002
Colby Robak,0.0,8474606
Cole Bardreau,1.0,8478367
Cole Caufield,81.0,8481540
Cole Guttman,8.0,8480252
Cole Koepke,1.0,8481043
Cole McWard,1.0,8484287
Cole Perfetti,29.0,8482149
Cole Reinhardt,0.0,8481133
Cole Schneider,0.0,8476766
Cole Schwindt,0.0,8481655
Cole Sillinger,32.0,8482705
Cole Smith,13.0,8482062
Colin Blackwell,35.0,8476278
Colin Fraser,20.0,8470662
Colin Greening,45.0,8471862
Colin McDonald,20.0,8470644
Colin Miller,39.0,8476525
Colin Smith,0.0,8476536
Colin Stuart,5.0,8469582
Colin White,48.0,8465005
Colin Wilson,112.0,8474569
Collin Graf,0.0,8484911
Colten Teubert,0.0,8474575
Colton Gillies,6.0,8474121
Colton Orr,10.0,8468778
Colton Parayko,60.0,8476892
Colton Sceviour,66.0,8474098
Colton Sissons,88.0,8476925
Colton White,0.0,8478841
Connor Bedard,22.0,8484144
Connor Brickley,6.0,8475736
Connor Brown,93.0,8477015
Connor Bunnaman,1.0,8479382
Connor Carrick,13.0,8476941
Connor Clifton,14.0,8477365
Connor Dewar,19.0,8480980
Connor James,0.0,8470295
Connor Jones,0.0,8477881
Connor Mackey,4.0,8482067
Connor McDavid,334.0,8478402
Connor McMichael,27.0,8481580
Connor Murphy,41.0,8476473
Connor Zary,14.0,8482074
Conor Allen,0.0,8477214
Conor Garland,103.0,8478856
Conor Sheary,124.0,8477839
Conor Timmins,3.0,8479982
Cooper Marody,0.0,8478442
Corban Knight,4.0,8475260
Corey Elkins,1.0,8475086
Corey Locke,0.0,8470705
Corey Perry,370.0,8470621
Corey Potter,8.0,8470714
Corey Schueneman,2.0,8481461
Corey Tropp,6.0,8474130
Cory Conacher,28.0,8476195
Cory Emmerton,12.0,8473558
Cory Murphy,7.0,8473924
Cory Sarich,9.0,8464981
Cory Stillman,44.0,8458943
Craig Adams,20.0,8465166
Craig Conroy,16.0,8455919
Craig Cunningham,3.0,8475414
Craig MacDonald,1.0,8465041
Craig Rivet,5.0,8459004
Craig Smith,211.0,8475225
Craig Weller,1.0,8468647
Curtis Glencross,118.0,8471185
Curtis Hamilton,0.0,8475734
Curtis Lazar,45.0,8477508
Curtis McKenzie,10.0,8475310
Curtis Valk,0.0,8477583
Cutter Gauthier,0.0,8483445
DJ King,0.0,8470294
Daemon Hunt,0.0,8482094
Dainius Zubrus,77.0,8464977
Dakota Joshua,33.0,8478057
Dakota Mermis,4.0,8477541
Dale Weise,55.0,8474668
Dalton Prout,7.0,8474774
Dalton Smith,0.0,8475748
Damien Brunner,25.0,8477059
Damien Giroux,0.0,8480994
Damon Severson,66.0,8476923
Dan Boyle,87.0,8467096
Dan Fritsche,5.0,8470639
Dan Girardi,46.0,8471958
Dan Hamhuis,35.0,8469465
Dan Hinote,1.0,8465175
Dan Jancevski,0.0,8467939
Dan Lacouture,2.0,8464983
Dan Renouf,0.0,8479252
Dan Sexton,13.0,8475105
Dana Tyrell,7.0,8474095
Dane Byers,1.0,8471261
Danick Martel,0.0,8478365
Daniel Alfredsson,114.0,8460621
Daniel Bang,0.0,8476835
Daniel Brickley,0.0,8480771
Daniel Briere,114.0,8464975
Daniel Carcillo,31.0,8470666
Daniel Carr,16.0,8477901
Daniel Catenacci,0.0,8476401
Daniel Cleary,81.0,8466149
Daniel O'Regan,1.0,8476982
Daniel Paille,62.0,8470230
Daniel Sedin,243.0,8467875
Daniel Sprong,85.0,8478466
Daniel Tjarnqvist,2.0,8462115
Daniel Walcott,0.0,8478069
Daniel Winnik,68.0,8471476
Daniil Miromanov,5.0,8482624
Daniil Tarasov,0.0,8476549
Danil Gushchin,2.0,8482101
Danil Yurtaykin,0.0,8481515
Danny Biega,0.0,8475732
Danny DeKeyser,31.0,8477215
Danny Irmen,0.0,8470671
Danny O'Regan,0.0,8476982
Danny Syvret,3.0,8470996
Dante Fabbro,16.0,8479371
Danton Heinen,87.0,8478046
Dany Heatley,151.0,8468482
Darcy Hordichuk,7.0,8468660
Darcy Tucker,18.0,8459574
Darnell Nurse,76.0,8477498
Darren Archibald,6.0,8475423
Darren Dietz,1.0,8476379
Darren Haydar,0.0,8468121
Darren Helm,119.0,8471794
Darren McCarty,1.0,8458982
Darren Raddysh,7.0,8478178
Darroll Powe,28.0,8473932
Darryl Boyce,6.0,8470986
Darryl Sydor,3.0,8458172
Dave Bolland,81.0,8471245
Dave Dziurzynski,3.0,8475661
Dave Scatchard,3.0,8460533
David Backes,225.0,8470655
David Booth,99.0,8471266
David Broll,0.0,8476304
David Clarkson,102.0,8470920
David Desharnais,87.0,8471976
David Farrance,0.0,8480063
David Gust,1.0,8480328
David Gustafsson,4.0,8481019
David Hale,4.0,8468502
David Jiricek,1.0,8483460
David Jones,102.0,8470877
David Kampf,43.0,8480144
David Kase,1.0,8478436
David Koci,3.0,8468626
David Krejci,225.0,8471276
David Laliberte,2.0,8471336
David Legwand,107.0,8467330
David Liffiton,1.0,8470656
David McIntyre,1.0,8473511
David Moss,63.0,8469664
David Musil,0.0,8476426
David Pastrnak,348.0,8477956
David Perron,297.0,8474102
David Rundblad,4.0,8475182
David Savard,53.0,8475233
David Schlemko,17.0,8473673
David Sloane,0.0,8475068
David Steckel,28.0,8469483
David Ullstrom,6.0,8474666
David Van Der Gulik,2.0,8470189
David Warsofsky,2.0,8474660
David Wolf,0.0,8477913
Davis Drewiske,5.0,8474518
Dawson Mercer,64.0,8482110
Daymond Langkow,45.0,8462036
Dean Arsene,0.0,8467583
Dean Kukan,5.0,8478567
Dean McAmmond,13.0,8458536
Declan Carlile,0.0,8483398
Declan Chisholm,3.0,8480990
Denis Gauthier,2.0,8462050
Denis Grebeshkov,14.0,8470268
Denis Gurianov,52.0,8478495
Denis Malgin,41.0,8478843
Dennis Cholowski,10.0,8479395
Dennis Everberg,3.0,8477902
Dennis Gilbert,3.0,8478502
Dennis Rasmussen,9.0,8477929
Dennis Seidenberg,35.0,8469619
Dennis Wideman,72.0,8469770
Derek Armstrong,5.0,8459064
Derek Boogaard,1.0,8469647
Derek Dorsett,51.0,8473432
Derek Forbort,17.0,8475762
Derek Grant,57.0,8474683
Derek Joslin,4.0,8471810
Derek MacKenzie,49.0,8468001
Derek Meech,4.0,8470061
Derek Morris,21.0,8464966
Derek Peltier,0.0,8471396
Derek Roy,109.0,8469485
Derek Ryan,81.0,8478585
Derek Smith,2.0,8473953
Derek Stepan,182.0,8474613
Derek Whitmore,0.0,8474500
Derick Brassard,214.0,8473544
Derrick Pouliot,8.0,8476884
Deryk Engelland,30.0,8468674
Devante Smith-Pelly,44.0,8475758
Devin Setoguchi,120.0,8471682
Devin Shore,51.0,8476913
Devon Toews,52.0,8478038
Dillon Dube,57.0,8479346
Dillon Heatherington,0.0,8477471
Dillon Simpson,0.0,8476416
Dion Phaneuf,83.0,8470602
Dmitri Kalinin,2.0,8467354
Dmitri Samorukov,0.0,8480041
Dmitri Voronkov,18.0,8481716
Dmitrij Jaskin,27.0,8476436
Dmitry Korobov,0.0,8477082
Dmitry Kulikov,46.0,8475179
Dmitry Orlov,70.0,8475200
Dmytro Timashov,4.0,8478857
Dominic Moore,84.0,8468575
Dominic Toninato,13.0,8476952
Dominic Turgeon,0.0,8477994
Dominik Kahun,34.0,8480946
Dominik Kubalik,93.0,8477330
Dominik Simon,22.0,8478866
Dominik Uher,0.0,8476339
Donald Brashear,1.0,8459246
Doug Janik,0.0,8467928
Doug Weight,13.0,8458361
Dougie Hamilton,142.0,8476462
Douglas Murray,6.0,8468114
Drake Batherson,90.0,8480208
Drake Caggiula,46.0,8479465
Drake Rymsha,0.0,8480221
Drayson Bowman,15.0,8474137
Drew Bagnall,0.0,8470787
Drew Doughty,156.0,8474563
Drew Helleson,1.0,8481563
Drew Larman,0.0,8470970
Drew LeBlanc,0.0,8477243
Drew Miller,60.0,8470778
Drew O'Connor,24.0,8482055
Drew Shore,9.0,8475213
Drew Stafford,167.0,8471226
Dryden Hunt,18.0,8478211
Duncan Keith,83.0,8470281
Duncan Siemens,1.0,8476464
Dustin Boyd,23.0,8471310
Dustin Brown,259.0,8470606
Dustin Byfuglien,154.0,8470834
Dustin Jeffrey,18.0,8474138
Dustin Kohn,0.0,8471671
Dustin Penner,95.0,8471208
Dwight Helminen,2.0,8470131
Dwight King,53.0,8474100
Dylan Coghlan,6.0,8479639
Dylan Cozens,66.0,8481528
Dylan DeMelo,17.0,8476331
Dylan Gambrell,17.0,8479580
Dylan Guenther,24.0,8482699
Dylan Holloway,9.0,8482077
Dylan Larkin,212.0,8477946
Dylan McIlrath,3.0,8475795
Dylan Olsen,5.0,8475153
Dylan Reese,3.0,8470798
Dylan Samberg,3.0,8480049
Dylan Sikura,3.0,8478106
Dylan Strome,117.0,8478440
Dysin Mayo,4.0,8478062
Ed Jovanovski,27.0,8460492
Eeli Tolvanen,57.0,8480009
Eetu Luostarinen,41.0,8480185
Egor Afanasyev,1.0,8481585
Egor Korshkov,1.0,8479510
Egor Sokolov,1.0,8481102
Egor Yakovlev,2.0,8480948
Egor Zamula,5.0,8481178
Elias Lindholm,218.0,8477496
Elias Pettersson,171.0,8480012
Elliot Desnoyers,0.0,8482452
Elmer Soderblom,5.0,8481725
Emerson Etem,22.0,8475770
Emil Andrae,0.0,8482126
Emil Bemstrom,34.0,8480205
Emil Heineman,0.0,8482476
Emil Lilleberg,0.0,8482929
Emile Poirier,0.0,8477486
Enver Lisin,19.0,8471263
Eriah Hayes,1.0,8477227
Eric Belanger,45.0,8465050
Eric Boulton,15.0,8460720
Eric Brewer,30.0,8466142
Eric Fehr,110.0,8470611
Eric Gelinas,14.0,8475199
Eric Godard,3.0,8468252
Eric Gryba,7.0,8473468
Eric Nystrom,72.0,8470180
Eric O'Dell,3.0,8474603
Eric Perrin,7.0,8466399
Eric Robinson,40.0,8480762
Eric Selleck,0.0,8474554
Eric Staal,330.0,8470595
Eric Tangradi,5.0,8474025
Eric Wellwood,5.0,8474892
Erik Brannstrom,7.0,8480073
Erik Burgdoerfer,0.0,8475982
Erik Cernak,20.0,8478416
Erik Christensen,33.0,8470299
Erik Cole,136.0,8467396
Erik Condra,40.0,8473588
Erik Gudbranson,33.0,8475790
Erik Gustafsson,51.0,8475640
Erik Haula,142.0,8475287
Erik Johnson,87.0,8473446
Erik Karlsson,189.0,8474578
Erik Reitz,1.0,8468650
Esa Lindell,49.0,8476902
Ethan Bear,17.0,8478451
Ethan Del Mastro,0.0,8482807
Ethan Moreau,25.0,8460504
Ethan Prow,1.0,8479289
Evan Bouchard,41.0,8480803
Evan Brophey,0.0,8471730
Evan McEneny,0.0,8477091
Evan Oberg,0.0,8475104
Evan Rodrigues,81.0,8478542
Evander Kane,326.0,8475169
Evgeni Malkin,417.0,8471215
Evgenii Dadonov,132.0,8474149
Evgeny Artyukhin,15.0,8469543
Evgeny Dadonov,10.0,8474149
Evgeny Grachev,1.0,8474634
Evgeny Kuznetsov,173.0,8475744
Evgeny Medvedev,4.0,8478563
Evgeny Svechnikov,20.0,8478431
Fabian Brunnstrom,19.0,8474552
Fabian Zetterlund,33.0,8480188
Fedor Tyutin,40.0,8469492
Fernando Pisani,18.0,8465170
Filip Chlapik,5.0,8478488
Filip Chytil,63.0,8480078
Filip Forsberg,288.0,8476887
Filip Hallander,0.0,8480842
Filip Hronek,35.0,8479425
Filip Kral,0.0,8480820
Filip Kuba,15.0,8462225
Filip Roos,1.0,8483619
Filip Zadina,41.0,8480821
Francis Bouillon,16.0,8465914
Francis Lessard,0.0,8466212
Francis Wathier,0.0,8470777
Francois Beauchemin,58.0,8467400
Frank Corrado,3.0,8476302
Frank Nazar,1.0,8483493
Frank Vatrano,160.0,8478366
Frans Nielsen,163.0,8470144
Frantisek Kaberle,1.0,8467949
Fraser Minten,0.0,8483489
Frazer McLaren,4.0,8473712
Freddie Hamilton,4.0,8475878
Freddy Meyer,9.0,8470578
Freddy Modin,21.0,8460556
Frederic Allard,0.0,8479329
Frederic St-Denis,1.0,8473647
Frederick Gaudreau,43.0,8477919
Frederik Gauthier,13.0,8477512
Fredrik Claesson,7.0,8476368
Fredrik Handemark,1.0,8482248
Fredrik Karlstrom,0.0,8479518
Fredrik Olofsson,4.0,8478028
Fredrik Sjostrom,13.0,8469464
Gabriel Bourque,41.0,8475268
Gabriel Carlsson,3.0,8478506
Gabriel Dumont,4.0,8475254
Gabriel Fortier,1.0,8480863
Gabriel Landeskog,245.0,8476455
Gabriel Vilardi,63.0,8480014
Gaetan Haas,7.0,8481813
Gage Goncalves,0.0,8482201
Gage Quinney,0.0,8479748
Garnet Exelby,1.0,8468090
Garnet Hathaway,65.0,8477903
Garrett Mitchell,0.0,8475291
Garrett Pilon,1.0,8479516
Garrett Stafford,0.0,8471011
Garrett Wilson,2.0,8475253
Garth Murray,0.0,8469528
Gary Roberts,4.0,8450900
Gavin Bayreuther,5.0,8479945
Gavin Brindley,0.0,8484149
Gemel Smith,12.0,8476966
Geoff Kinrade,0.0,8475073
George Parros,14.0,8468095
Georges Laraque,1.0,8462060
Georgii Merkulov,0.0,8483567
Gerald Mayhew,2.0,8479933
German Rubtsov,0.0,8479424
Gerry Mayhew,11.0,8479933
Gilbert Brule,31.0,8471680
Giovanni Fiore,0.0,8479613
Givani Smith,9.0,8479379
Glen Metropolit,22.0,8462823
Glenn Gawdin,0.0,8478446
Graeme Clarke,0.0,8481578
Graham Mink,0.0,8469920
Grant Clitsome,15.0,8471482
Grant Hutton,1.0,8480306
Grant Lewis,0.0,8471253
Greg De Vries,1.0,8460254
Greg Mauldin,5.0,8470203
Greg McKegg,21.0,8475735
Greg Moore,0.0,8470735
Greg Nemisz,0.0,8474587
Greg Pateryn,5.0,8474688
Greg Rallo,1.0,8473867
Greg Zanon,9.0,8468636
Gregory Campbell,57.0,8470169
Gregory Hofmann,2.0,8476345
Gregory Stewart,0.0,8471457
Griffen Molino,0.0,8479969
Griffin Reinhart,0.0,8476852
Grigori Denisenko,0.0,8480844
Guillaume Brisebois,1.0,8478465
Guillaume Desbiens,0.0,8470708
Guillaume Latendresse,55.0,8471670
Guillaume Lefebvre,0.0,8468707
Gustav Forsling,46.0,8478055
Gustav Lindstrom,5.0,8480184
Gustav Nyquist,198.0,8474679
Gustav Olofsson,0.0,8477467
Hal Gill,7.0,8459628
Hampus Lindholm,70.0,8476854
Hardy Haman Aktell,0.0,8479522
Harri Pesonen,0.0,8476849
Harry Zolnierczyk,7.0,8476158
Hayden Hodgson,1.0,8478173
Haydn Fleury,10.0,8477938
Hendrix Lapierre,9.0,8482148
Henri Jokiharju,16.0,8480035
Henrik Borgstrom,13.0,8479404
Henrik Haapala,0.0,8480164
Henrik Samuelsson,0.0,8476868
Henrik Sedin,155.0,8467876
Henrik Tallinder,13.0,8466182
Henrik Zetterberg,184.0,8468083
Henry Thrun,3.0,8481567
Hudson Fasching,15.0,8477392
Hugh Jessiman,0.0,8470605
Hugh McGing,0.0,8481070
Hunter Drew,0.0,8481003
Hunter McKown,0.0,8484125
Hunter Shinkaruk,2.0,8477445
Ian Cole,34.0,8474013
Ian Laperriere,10.0,8459094
Ian McCoshen,4.0,8477452
Ian Mitchell,4.0,8480070
Ian White,36.0,8470273
Igor Ozhiganov,3.0,8480943
Iiro Pakarinen,10.0,8476336
Ilkka Heikkinen,0.0,8475128
Ilkka Pikkarainen,1.0,8470225
Ilya Kovalchuk,191.0,8469454
Ilya Lyubushkin,5.0,8480950
Ilya Mikheyev,60.0,8481624
Ilya Solovyov,0.0,8482470
Ilya Zubov,0.0,8471763
Isaac Ratcliffe,1.0,8480019
Isaak Phillips,1.0,8482192
Isac Lundestrom,31.0,8480806
Isak Rosen,0.0,8482765
Ivan Barbashev,103.0,8477964
Ivan Chekhovich,0.0,8480276
Ivan Miroshnichenko,2.0,8483491
Ivan Provorov,69.0,8478500
Ivan Vishnevskiy,0.0,8473582
J-P Dumont,43.0,8464957
J.C. Beaudin,0.0,8478833
J.J. Moser,16.0,8482655
J.T. Brown,23.0,8476806
J.T. Compher,107.0,8477456
J.T. Miller,238.0,8476468
JC Lipon,0.0,8477076
JJ Peterka,40.0,8482175
JT Wyman,2.0,8471312
Jaccob Slavin,49.0,8476958
Jack Ahcan,1.0,8482072
Jack Drury,12.0,8480835
Jack Eichel,211.0,8478403
Jack Hillen,13.0,8474519
Jack Hughes,114.0,8481559
Jack Johnson,75.0,8471677
Jack McBain,22.0,8480855
Jack Quinn,24.0,8482097
Jack Rathbone,2.0,8480056
Jack Rodewald,0.0,8478268
Jack Roslovic,80.0,8478458
Jack Skille,40.0,8471681
Jack St. Ivany,0.0,8481030
Jack Studnicka,6.0,8480021
Jack Thompson,0.0,8482144
Jackson Blake,0.0,8482809
Jackson Cates,1.0,8482654
Jackson LaCombe,2.0,8481605
Jacob Bernard-Docker,4.0,8480879
Jacob Bryson,4.0,8480196
Jacob De La Rose,0.0,8477455
Jacob Josefson,20.0,8475185
Jacob Larsson,3.0,8478491
Jacob Lucchini,3.0,8481422
Jacob MacDonald,10.0,8479439
Jacob Middleton,4.0,8478136
Jacob Moverare,1.0,8479421
Jacob Nilsson,0.0,8480954
Jacob Perreault,0.0,8482150
Jacob Peterson,14.0,8480216
Jacob Trouba,73.0,8476885
Jacob de la Rose,13.0,8477455
Jaden Schwartz,195.0,8475768
Jaime Sifers,0.0,8472338
Jake Bean,13.0,8479402
Jake Bischoff,0.0,8476987
Jake Chelios,0.0,8477865
Jake Christiansen,1.0,8481161
Jake DeBrusk,138.0,8478498
Jake Dotchin,3.0,8477009
Jake Dowell,9.0,8471352
Jake Evans,27.0,8478133
Jake Gardiner,49.0,8474581
Jake Guentzel,227.0,8477404
Jake Leschyshyn,2.0,8479991
Jake Livingstone,0.0,8484256
Jake McCabe,33.0,8476931
Jake Middleton,10.0,8478136
Jake Muzzin,69.0,8474162
Jake Neighbours,34.0,8482089
Jake Sanderson,14.0,8482105
Jake Virtanen,56.0,8477937
Jake Walman,25.0,8478013
Jakob Chychrun,76.0,8479345
Jakob Forsbacka Karlsson,3.0,8478417
Jakob Lilja,2.0,8481650
Jakob Pelletier,4.0,8481592
Jakob Silfverberg,168.0,8475164
Jakub Galvas,0.0,8480231
Jakub Jerabek,2.0,8480143
Jakub Kindl,16.0,8471693
Jakub Lauko,6.0,8480880
Jakub Nakladal,2.0,8478562
Jakub Petruzalek,0.0,8471477
Jakub Voracek,223.0,8474161
Jakub Vrana,110.0,8477944
Jakub Zboril,1.0,8478415
Jalen Chatfield,14.0,8478970
Jamal Mayers,19.0,8459514
James Hamblin,2.0,8480468
James Malatesta,2.0,8482744
James Neal,296.0,8471707
James Sheppard,19.0,8473536
James Wisniewski,42.0,8470222
James Wright,4.0,8474674
James van Riemsdyk,310.0,8474037
Jamie Arniel,0.0,8474657
Jamie Benn,381.0,8473994
Jamie Devane,0.0,8475190
Jamie Doornbosch,0.0,8475990
Jamie Drysdale,10.0,8482142
Jamie Fraser,0.0,8473827
Jamie Fritsch,0.0,8475115
Jamie Heward,0.0,8456588
Jamie Langenbrunner,63.0,8459457
Jamie Lundmark,13.0,8467882
Jamie McBain,30.0,8473571
Jamie McGinn,117.0,8473465
Jamie Oleksiak,36.0,8476467
Jamie Tardif,0.0,8470704
Jan Hejda,24.0,8470699
Jan Jenik,4.0,8480890
Jan Mursak,2.0,8473569
Jan Rutta,20.0,8480172
Jani Hakanp,8.0,8475825
Jani Hakanpaa,6.0,8475825
Janis Sprukts,0.0,8468714
Janne Kuokkanen,14.0,8479511
Janne Niskala,1.0,8471359
Janne Pesonen,0.0,8471480
Jannik Hansen,109.0,8471498
Jansen Harkins,13.0,8478424
Jared Boll,23.0,8471766
Jared Cowen,15.0,8475174
Jared McCann,162.0,8477955
Jared Ross,0.0,8472248
Jared Spurgeon,110.0,8474716
Jared Staal,0.0,8474615
Jaret Anderson-Dolan,15.0,8479994
Jarkko Ruutu,22.0,8467393
Jarod Palmer,1.0,8475679
Jarome Iginla,251.0,8462042
Jaromir Jagr,120.0,8448208
Jaroslav Spacek,17.0,8467439
Jarred Tinordi,4.0,8475797
Jarret Stoll,85.0,8468526
Jason Akeson,1.0,8475917
Jason Arnott,86.0,8459429
Jason Blake,63.0,8467844
Jason Chimera,121.0,8466251
Jason Demers,45.0,8474218
Jason Dickinson,61.0,8477450
Jason Garrison,49.0,8474520
Jason Jaffray,2.0,8468881
Jason Krog,1.0,8467857
Jason Polin,1.0,8484255
Jason Pominville,214.0,8469506
Jason Robertson,133.0,8480027
Jason Smith,1.0,8458954
Jason Spezza,247.0,8469455
Jason Strudwick,2.0,8460555
Jason Ward,0.0,8466147
Jason Williams,28.0,8468789
Jason Zucker,197.0,8475722
Jasper Weatherby,5.0,8481061
Jassen Cullimore,2.0,8458543
Jay Beagle,58.0,8474291
Jay Bouwmeester,50.0,8470151
Jay Harrison,23.0,8469531
Jay Leach,1.0,8467436
Jay McClement,67.0,8469508
Jay McKee,2.0,8462045
Jay Pandolfo,10.0,8459454
Jay Rosehill,5.0,8470816
Jayce Hawryluk,12.0,8477963
Jaycob Megna,4.0,8477034
Jayden Halbgewachs,0.0,8480304
Jayden Struble,3.0,8481593
Jayson Megna,12.0,8477126
Jean-Francois Jacques,9.0,8470661
Jean-Gabriel Pageau,145.0,8476419
Jean-Luc Foudy,1.0,8482147
Jean-Philippe Cote,0.0,8468745
Jean-Sebastien Dea,5.0,8477520
Jed Ortmeyer,9.0,8470580
Jeff Carter,375.0,8470604
Jeff Finger,8.0,8468113
Jeff Halpern,37.0,8467831
Jeff Hamilton,3.0,8470373
Jeff Hoggan,0.0,8470004
Jeff Malott,0.0,8482408
Jeff Penner,0.0,8474511
Jeff Petry,95.0,8473507
Jeff Schultz,6.0,8471240
Jeff Skinner,357.0,8475784
Jeff Taffe,1.0,8468510
Jeff Tambellini,23.0,8470620
Jeff Woywitka,6.0,8469480
Jeffrey Viel,3.0,8479705
Jere Lehtinen,12.0,8459024
Jeremy Colliton,2.0,8470651
Jeremy Davies,0.0,8479602
Jeremy Lauzon,14.0,8478468
Jeremy Morin,10.0,8475214
Jeremy Roenick,4.0,8450978
Jeremy Welsh,1.0,8476819
Jeremy Williams,5.0,8470809
Jerome Samson,2.0,8474220
Jerred Smithson,22.0,8468162
Jerry D'Amigo,1.0,8475309
Jesper Boqvist,34.0,8480003
Jesper Bratt,130.0,8479407
Jesper Fast,91.0,8475855
Jesper Froden,1.0,8482834
Jesperi Kotkaniemi,64.0,8480829
Jesse Blacker,0.0,8475203
Jesse Boulerice,0.0,8465067
Jesse Joensuu,13.0,8473514
Jesse Puljujarvi,54.0,8479344
Jesse Winchester,20.0,8474498
Jesse Ylnen,4.0,8481058
Jesse Ylonen,8.0,8481058
Jim O'Brien,8.0,8474024
Jim Slater,44.0,8470289
Jim Vandermeer,8.0,8468213
Jimmy Hayes,54.0,8474625
Jimmy Schuldt,0.0,8481486
Jimmy Vesey,96.0,8476918
Jiri Hudler,135.0,8470201
Jiri Kulich,0.0,8483468
Jiri Novotny,4.0,8469475
Jiri Sekac,10.0,8478137
Jiri Smejkal,1.0,8484314
Jiri Tlusty,79.0,8473482
Joachim Blichfeld,1.0,8479571
Joakim Andersson,15.0,8474168
Joakim Lindstrom,15.0,8470152
Joakim Nordstrom,32.0,8475807
Joakim Nygard,3.0,8481638
Joakim Ryan,4.0,8477046
Jochen Hecht,54.0,8462077
Jody Shelley,6.0,8462535
Joe Callahan,0.0,8470086
Joe Colborne,42.0,8474577
Joe Corvo,44.0,8466215
Joe Finley,0.0,8471701
Joe Hicketts,0.0,8478176
Joe Morrow,9.0,8476476
Joe Pavelski,443.0,8470794
Joe Piskula,0.0,8473921
Joe Sakic,2.0,8451101
Joe Snively,6.0,8481441
Joe Thornton,190.0,8466138
Joe Veleno,30.0,8480813
Joe Vitale,11.0,8471856
Joe Whitney,1.0,8476227
Joel Armia,92.0,8476469
Joel Edmundson,29.0,8476441
Joel Eriksson Ek,122.0,8478493
Joel Farabee,82.0,8480797
Joel Hanley,3.0,8477810
Joel Kellman,4.0,8481516
Joel Kiviranta,19.0,8481641
Joel L'Esperance,5.0,8480769
Joel Lundqvist,1.0,8468548
Joel Perrault,3.0,8469584
Joel Persson,0.0,8480940
Joel Rechlicz,0.0,8474383
Joel Teasdale,0.0,8480034
Joel Vermin,0.0,8477326
Joel Ward,132.0,8468208
Joey Anderson,19.0,8479315
Joey Crabb,21.0,8470156
Joey Hishon,1.0,8475767
Joey Keane,0.0,8480466
Joffrey Lupul,128.0,8470207
Johan Franzen,138.0,8471309
Johan Harju,1.0,8474085
Johan Larsson,53.0,8475728
Johan Motin,0.0,8474662
Johan Sundstrom,0.0,8476445
John Albert,1.0,8474012
John Beecher,7.0,8481556
John Carlson,151.0,8474590
John Erskine,9.0,8467365
John Gilmour,2.0,8477337
John Hayden,17.0,8477401
John Klingberg,83.0,8475906
John Leonard,6.0,8481077
John Ludvig,3.0,8481206
John Madden,32.0,8466371
John Marino,18.0,8478507
John McCarthy,3.0,8473562
John McFarland,0.0,8475756
John Mitchell,70.0,8470750
John Moore,38.0,8475186
John Negrin,0.0,8474076
John Persson,1.0,8476367
John Quenneville,2.0,8477961
John Ramage,0.0,8475829
John Scott,5.0,8473722
John Tavares,456.0,8475166
John Zeiler,0.0,8470113
John-Michael Liles,43.0,8468639
Johnathan Kovacevic,9.0,8480192
Johnny Boychuk,54.0,8470187
Johnny Gaudreau,243.0,8476346
Johnny Oduya,33.0,8469665
Jon Disalvatore,0.0,8468584
Jon Kalinski,1.0,8474177
Jon Lizotte,0.0,8481489
Jon Matsumoto,2.0,8473444
Jon Merrill,22.0,8475750
Jon Sim,23.0,8465024
Jonah Gadjovich,6.0,8479981
Jonas Andersson,0.0,8467906
Jonas Brodin,54.0,8476463
Jonas Frogren,1.0,8467531
Jonas Holos,0.0,8474730
Jonas Junland,0.0,8473510
Jonas Rondbjerg,3.0,8480007
Jonas Siegenthaler,8.0,8478399
Jonatan Berggren,17.0,8481013
Jonathan Cheechoo,17.0,8467357
Jonathan Dahlen,12.0,8479373
Jonathan Davidsson,0.0,8480247
Jonathan Drouin,96.0,8477494
Jonathan Ericsson,26.0,8470318
Jonathan Gruden,1.0,8480836
Jonathan Huberdeau,223.0,8476456
Jonathan Marchessault,230.0,8476539
Jonathan Racine,0.0,8476411
Jonathan Rheault,0.0,8473616
Jonathan Toews,348.0,8473604
Jonathon Blum,7.0,8474164
Joni Pitkanen,24.0,8470137
Jonny Brodzinski,15.0,8477380
Joona Koppanen,0.0,8479533
Joona Luoto,1.0,8481649
Joonas Donskoi,80.0,8475820
Joonas Kemppainen,2.0,8478564
Joonas Nattinen,0.0,8475198
Joonas Rask,0.0,8475893
Jordan Caron,12.0,8475150
Jordan Eberle,299.0,8474586
Jordan Greenway,52.0,8478413
Jordan Gross,3.0,8480913
Jordan Harris,8.0,8480887
Jordan Hendry,3.0,8472370
Jordan Kyrou,115.0,8479385
Jordan Lavallee-Smotherman,0.0,8471778
Jordan Leopold,45.0,8467917
Jordan Martinook,80.0,8476921
Jordan Nolan,24.0,8475325
Jordan Oesterle,19.0,8477851
Jordan Schmaltz,0.0,8476877
Jordan Schroeder,18.0,8475147
Jordan Spence,4.0,8481606
Jordan Staal,245.0,8473533
Jordan Szwarz,4.0,8475224
Jordan Weal,32.0,8475738
Jordie Benn,26.0,8474818
Jordin Tootoo,43.0,8469547
Jori Lehtera,34.0,8474627
Josef Melichar,0.0,8466203
Joseph Blandisi,10.0,8477010
Joseph Cramarossa,5.0,8476390
Joseph Gambardella,0.0,8479970
Joseph LaBate,0.0,8476425
Joseph Motzko,1.0,8470564
Josh Anderson,131.0,8476981
Josh Archibald,45.0,8476326
Josh Bailey,183.0,8474573
Josh Brown,11.0,8477384
Josh Currie,2.0,8477680
Josh Doan,5.0,8482659
Josh Dunne,0.0,8482623
Josh Gorges,16.0,8470324
Josh Gratton,1.0,8469844
Josh Green,1.0,8464984
Josh Hennessy,0.0,8470636
Josh Jacobs,0.0,8477972
Josh Jooris,23.0,8477591
Josh Leivo,41.0,8476410
Josh Mahura,10.0,8479372
Josh Manson,38.0,8476312
Josh Morrissey,67.0,8477504
Josh Norris,70.0,8480064
Josh Teves,0.0,8481425
Joshua Ho-Sang,7.0,8477959
Joshua Roy,4.0,8482749
Josiah Slavin,0.0,8481004
Juho Lammikko,11.0,8477996
Jujhar Khaira,33.0,8476915
Julian Melchiori,0.0,8475815
Julien Brouillette,1.0,8475567
Julien Gauthier,19.0,8479328
Julius Honka,2.0,8477945
Juraj Slafkovsky,24.0,8483515
Jussi Jokinen,144.0,8469638
Justin Abdelkader,106.0,8471716
Justin Auger,0.0,8477428
Justin Bailey,10.0,8477473
Justin Barron,12.0,8482111
Justin Braun,34.0,8474027
Justin Brazeau,5.0,8479638
Justin Danforth,22.0,8479941
Justin DiBenedetto,0.0,8474731
Justin Dowling,7.0,8475413
Justin Falk,3.0,8473992
Justin Faulk,126.0,8475753
Justin Florek,1.0,8475845
Justin Fontaine,27.0,8476235
Justin Hodgman,1.0,8474793
Justin Holl,11.0,8475718
Justin Johnson,0.0,8476086
Justin Kirkland,0.0,8477993
Justin Kloos,0.0,8480082
Justin Mercier,1.0,8471829
Justin Richards,0.0,8482179
Justin Schultz,71.0,8474602
Justin Shugg,0.0,8475826
Justin Sourdif,0.0,8482088
Justin Williams,198.0,8468508
Juuso Parssinen,14.0,8481704
Juuso Riikola,3.0,8480945
Juuso Valimaki,9.0,8479976
Jyrki Jokipakka,3.0,8476279
K'Andre Miller,29.0,8480817
Kaapo Kakko,57.0,8481554
Kaedan Korczak,1.0,8481527
Kael Mouillierat,1.0,8476147
Kaiden Guhle,10.0,8482087
Kailer Yamamoto,58.0,8479977
Kale Clague,2.0,8479348
Kalle Kossila,2.0,8479290
Kamil Kreps,9.0,8470631
Karl Alzner,20.0,8473991
Karl Stollery,0.0,8476798
Karlis Skrastins,9.0,8467519
Karson Kuhlman,12.0,8480901
Kaspars Daugavins,6.0,8473484
Kasper Bjorkqvist,1.0,8479512
Kasperi Kapanen,84.0,8477953
Keaton Ellerby,4.0,8474184
Keaton Middleton,0.0,8479387
Keegan Kolesar,26.0,8478434
Keegan Lowe,0.0,8476397
Keith Aucoin,12.0,8469779
Keith Aulie,4.0,8474048
Keith Ballard,19.0,8470054
Keith Tkachuk,38.0,8458229
Keith Yandle,97.0,8471735
Kellan Lain,1.0,8477201
Ken Klee,1.0,8456850
Kenndal McArdle,1.0,8471694
Kenny Agostino,8.0,8475844
Kent Huskins,9.0,8467478
Kent Johnson,22.0,8482660
Kerby Rychel,3.0,8477510
Kevan Miller,13.0,8476191
Kevin Bahl,4.0,8480860
Kevin Bieksa,49.0,8469598
Kevin Connauton,28.0,8475246
Kevin Czuczman,0.0,8477814
Kevin Fiala,176.0,8477942
Kevin Gravel,1.0,8475857
Kevin Hayes,168.0,8475763
Kevin Henderson,1.0,8471912
Kevin Klein,37.0,8470630
Kevin Korchinski,5.0,8483466
Kevin Labanc,82.0,8478099
Kevin Marshall,0.0,8474163
Kevin Porter,29.0,8471331
Kevin Quick,0.0,8473433
Kevin Rooney,27.0,8479291
Kevin Roy,6.0,8476971
Kevin Shattenkirk,103.0,8474031
Kevin Stenlund,28.0,8478831
Kevin Westgarth,7.0,8473908
Kiefer Sherwood,24.0,8480748
Kieffer Bellows,14.0,8479356
Kim Johnsson,9.0,8460770
Kimmo Timonen,30.0,8459670
Kirby Dach,33.0,8481523
Kirill Kaprizov,160.0,8478864
Kirill Marchenko,44.0,8480893
Kirill Semyonov,0.0,8482815
Kirk Maltby,9.0,8459001
Klas Dahlbeck,6.0,8476403
Klim Kostin,24.0,8480011
Kole Lind,2.0,8479986
Kole Sherwood,0.0,8478949
Korbinian Holzer,6.0,8473560
Kris Chucko,0.0,8471237
Kris Draper,20.0,8446485
Kris Fredheim,0.0,8471846
Kris Letang,159.0,8471724
Kris Newbury,1.0,8470232
Kris Russell,46.0,8471729
Kris Versteeg,147.0,8471346
Kristian Huselius,58.0,8466181
Kristian Reichel,1.0,8480443
Kristian Vesalainen,2.0,8480005
Kristians Rubins,0.0,8479729
Kristopher Foucault,0.0,8475219
Krys Barch,8.0,8467428
Krys Kolanos,3.0,8468499
Kurt Sauer,1.0,8468568
Kurtis Foster,22.0,8468520
Kurtis Gabriel,2.0,8476545
Kurtis MacDermid,11.0,8477073
Kurtis McLean,1.0,8472008
Kyle Baun,0.0,8478393
Kyle Brodziak,114.0,8470803
Kyle Burroughs,5.0,8477335
Kyle Calder,8.0,8466260
Kyle Capobianco,5.0,8478476
Kyle Chipchura,27.0,8471231
Kyle Clifford,66.0,8475160
Kyle Connor,243.0,8478398
Kyle Criscuolo,1.0,8479304
Kyle Cumiskey,8.0,8471879
Kyle Greentree,0.0,8473904
Kyle MacLean,4.0,8481237
Kyle Okposo,239.0,8473449
Kyle Palmieri,246.0,8475151
Kyle Quincey,35.0,8470724
Kyle Rau,2.0,8476415
Kyle Turris,168.0,8474068
Kyle Wellwood,61.0,8469581
Kyle Wilson,5.0,8471483
Ladislav Smid,9.0,8471222
Lance Bouma,30.0,8474642
Landon Ferraro,7.0,8475157
Landon Slaggert,1.0,8482172
Landon Wilson,2.0,8459441
Lane Hutson,0.0,8483457
Lane MacDermid,2.0,8475283
Lane Pederson,4.0,8478967
Lars Eller,178.0,8474189
Lasse Kukkonen,0.0,8470743
Lassi Thomson,0.0,8481575
Laurent Dauphin,8.0,8477460
Lauri Korpikoski,86.0,8471232
Lawrence Nycholat,0.0,8468184
Lawrence Pilut,2.0,8480935
Lawson Crouse,103.0,8478474
Lean Bergmann,0.0,8481640
Lee Stempniak,149.0,8470740
Lee Sweatt,1.0,8473931
Lennart Petrell,7.0,8471402
Leo Carlsson,12.0,8484153
Leo Komarov,62.0,8473463
Leon Draisaitl,347.0,8477934
Liam Foudy,7.0,8480853
Liam O'Brien,11.0,8477070
Liam Ohgren,1.0,8483499
Liam Reddox,6.0,8471324
Lias Andersson,7.0,8480072
Libor Hajek,4.0,8479333
Libor Sulak,0.0,8480161
Linden Vey,14.0,8475223
Linus Hogberg,0.0,8479534
Linus Karlsson,0.0,8481024
Linus Klasen,0.0,8475677
Linus Omark,8.0,8474059
Linus Sandin,0.0,8482243
Logan Brown,7.0,8479366
Logan Cooley,20.0,8483431
Logan Couture,323.0,8474053
Logan Mailloux,0.0,8482733
Logan Morrison,0.0,8483012
Logan O'Connor,35.0,8481186
Logan Shaw,16.0,8476400
Logan Stankoven,6.0,8482702
Logan Stanley,4.0,8479378
Loui Eriksson,232.0,8470626
Louie Belpedio,2.0,8478011
Louis Crevier,0.0,8481806
Louis Leblanc,5.0,8475183
Lubomir Visnovsky,58.0,8468598
Luca Caputi,3.0,8473997
Luca Del Bel Belluz,1.0,8483432
Luca Sbisa,20.0,8474579
Lucas Carlsson,3.0,8479523
Lucas Condotta,1.0,8483549
Lucas Johansen,0.0,8479321
Lucas Lessio,3.0,8476451
Lucas Raymond,71.0,8482078
Lucas Wallmark,23.0,8478027
Lukas Cormier,0.0,8482141
Lukas Kaspar,2.0,8471235
Lukas Krajicek,3.0,8469477
Lukas Radil,7.0,8480780
Lukas Reichel,12.0,8482117
Lukas Rousek,1.0,8481751
Lukas Sedlak,18.0,8476310
Lukas Vejdemo,2.0,8478838
Luke Adam,15.0,8474609
Luke Evangelista,23.0,8482146
Luke Gazdic,5.0,8473989
Luke Glendening,79.0,8476822
Luke Hughes,10.0,8482684
Luke Johnson,1.0,8477366
Luke Kunin,62.0,8479316
Luke Philp,0.0,8478224
Luke Richardson,0.0,8450824
Luke Schenn,43.0,8474568
Luke Witkowski,2.0,8474722
Mac Hollowell,0.0,8480439
MacGregor Sharp,0.0,8475085
MacKenzie Entwistle,15.0,8480025
MacKenzie Weegar,51.0,8477346
Mackenzie MacEachern,11.0,8476907
Mackie Samoskevich,0.0,8482713
Madison Bowey,5.0,8477474
Magnus Paajarvi,62.0,8475175
Maksim Mayorov,2.0,8474195
Maksim Sushko,0.0,8480201
Maksymilian Szuber,0.0,8483763
Manny Malhotra,51.0,8467334
Marat Khusnutdinov,1.0,8482177
Marc Del Gaizo,0.0,8481743
Marc Johnstone,0.0,8483401
Marc McLaughlin,4.0,8483397
Marc Methot,22.0,8470760
Marc Michaelis,0.0,8482063
Marc Savard,37.0,8462118
Marc Staal,51.0,8471686
Marc-Andre Bergeron,34.0,8469765
Marc-Andre Bourdon,4.0,8474631
Marc-Andre Cliche,3.0,8471718
Marc-Andre Gragnani,3.0,8471752
Marc-Antoine Pouliot,15.0,8470615
Marc-Edouard Vlasic,78.0,8471709
Marcel Goc,57.0,8469473
Marcel Mueller,0.0,8475950
Marco Kasper,0.0,8483464
Marco Rossi,21.0,8482079
Marco Scandella,52.0,8474618
Marco Sturm,37.0,8464979
Marcus Bjork,3.0,8483620
Marcus Foligno,126.0,8475220
Marcus Johansson,174.0,8475149
Marcus Kruger,37.0,8475323
Marcus Pettersson,14.0,8477969
Marcus Sorensen,31.0,8475834
Marek Hrivik,0.0,8475949
Marek Malik,0.0,8459493
Marek Svatos,25.0,8469670
Marek Zidlicky,54.0,8469623
Marian Gaborik,201.0,8468483
Marian Hossa,226.0,8466148
Marian Studenic,3.0,8480226
Marin Studenic,0.0,8480226
Mario Bliznak,1.0,8471863
Mario Ferraro,12.0,8479983
Mario Kempe,6.0,8474131
Mark Alt,0.0,8475729
Mark Arcobello,24.0,8476062
Mark Barberio,13.0,8474717
Mark Bell,0.0,8467335
Mark Borowiecki,15.0,8474697
Mark Cullen,0.0,8470005
Mark Cundari,1.0,8474837
Mark Eaton,8.0,8467580
Mark Fayne,17.0,8471816
Mark Fistric,3.0,8471241
Mark Flood,3.0,8470780
Mark Fraser,4.0,8471748
Mark Friedman,4.0,8478017
Mark Giordano,151.0,8470966
Mark Jankowski,56.0,8476873
Mark Kastelic,14.0,8480355
Mark Katic,0.0,8474063
Mark Letestu,93.0,8473914
Mark Mancari,3.0,8471419
Mark McNeill,0.0,8476471
Mark Olver,10.0,8474705
Mark Parrish,8.0,8465026
Mark Popovic,2.0,8469488
Mark Pysyk,28.0,8475796
Mark Recchi,55.0,8450725
Mark Scheifele,297.0,8476460
Mark Stone,212.0,8475913
Mark Streit,71.0,8468309
Mark Stuart,21.0,8470614
Mark Van Guilder,0.0,8474939
Marko Dano,19.0,8477448
Markus Granlund,58.0,8476440
Markus Hannikainen,8.0,8478541
Markus Naslund,24.0,8458530
Markus Niemelainen,0.0,8479338
Markus Nutivaara,17.0,8478906
Marshall Rifai,0.0,8483546
Martin Erat,91.0,8468064
Martin Fehervary,17.0,8480796
Martin Frk,20.0,8476924
Martin Hanzal,119.0,8471691
Martin Havlat,102.0,8467899
Martin Kaut,6.0,8480822
Martin Marincin,5.0,8475716
Martin Necas,97.0,8480039
Martin Pospisil,8.0,8481028
Martin Skoula,7.0,8467343
Martin St Pierre,2.0,8470366
Martin St. Louis,183.0,8466378
Martins Karsums,1.0,8471277
Marty Reasoner,33.0,8464967
Mason Appleton,47.0,8478891
Mason Geertsen,0.0,8477419
Mason Lohrei,4.0,8482511
Mason Marchment,54.0,8478975
Mason McTavish,38.0,8482745
Mason Morelli,3.0,8481462
Mason Raymond,106.0,8471664
Mason Shaw,8.0,8479972
Mat Clark,0.0,8475162
Matej Blumel,1.0,8481712
Mathew Barzal,128.0,8478445
Mathias Brome,1.0,8482240
Mathieu Carle,0.0,8473438
Mathieu Dandenault,4.0,8460540
Mathieu Darche,22.0,8468463
Mathieu Joseph,55.0,8478472
Mathieu Olivier,13.0,8479671
Mathieu Perreault,143.0,8473618
Mathieu Roy,0.0,8470804
Mathieu Schneider,11.0,8451224
Matias Maccelli,29.0,8481711
Mats Sundin,9.0,8451774
Mats Zuccarello,198.0,8475692
Matt Anderson,0.0,8473944
Matt Bartkowski,8.0,8474749
Matt Beleskey,76.0,8473492
Matt Benning,17.0,8476988
Matt Boldy,75.0,8481557
Matt Bradley,22.0,8465059
Matt Calvert,95.0,8474685
Matt Campanale,0.0,8476208
Matt Carey,1.0,8477836
Matt Carkner,4.0,8467931
Matt Carle,29.0,8470640
Matt Cooke,81.0,8465951
Matt Coronato,3.0,8482679
Matt Cullen,135.0,8464989
Matt D'Agostini,52.0,8471851
Matt Donovan,2.0,8474659
Matt Duchene,341.0,8475168
Matt Dumba,82.0,8476856
Matt Ellis,18.0,8470018
Matt Fraser,11.0,8475671
Matt Frattin,17.0,8474192
Matt Gilroy,11.0,8475118
Matt Greene,16.0,8470121
Matt Grzelcyk,25.0,8476891
Matt Halischuk,33.0,8474094
Matt Hendricks,54.0,8468611
Matt Hunwick,24.0,8471436
Matt Irwin,25.0,8475625
Matt Kassian,4.0,8471719
Matt Kiersted,2.0,8482641
Matt Lashoff,0.0,8471696
Matt Lindblad,0.0,8477228
Matt Lorito,0.0,8478371
Matt Luff,15.0,8479644
Matt Martin,84.0,8474709
Matt Moulson,168.0,8470852
Matt Nieto,85.0,8476442
Matt Niskanen,65.0,8471702
Matt Pelech,1.0,8471700
Matt Pettinger,9.0,8468523
Matt Puempel,11.0,8476477
Matt Read,88.0,8476177
Matt Rempe,1.0,8482460
Matt Roy,24.0,8478911
Matt Savoie,0.0,8483512
Matt Smaby,0.0,8470634
Matt Stajan,90.0,8470162
Matt Taormina,4.0,8475060
Matt Tennyson,4.0,8476807
Matt Walker,3.0,8467408
Matt Watkins,0.0,8471821
Matthew Corrente,0.0,8473580
Matthew Highmore,12.0,8478146
Matthew Kessel,1.0,8482516
Matthew Knies,15.0,8482720
Matthew Konan,0.0,8475395
Matthew Lombardi,44.0,8468695
Matthew Peca,6.0,8476285
Matthew Phillips,1.0,8479547
Matthew Poitras,5.0,8483505
Matthew Tkachuk,218.0,8479314
Mattias Ekholm,77.0,8475218
Mattias Janmark,81.0,8477406
Mattias Norlinder,0.0,8481555
Mattias Ohlund,6.0,8460503
Mattias Ritola,4.0,8471668
Mattias Samuelsson,3.0,8480807
Mattias Tedenby,10.0,8474582
Matty Beniers,42.0,8482665
Mavrik Bourque,0.0,8482145
Max Comtois,38.0,8480031
Max Domi,129.0,8477503
Max Friberg,0.0,8476384
Max Jones,31.0,8479368
Max Lajoie,0.0,8479320
Max McCormick,8.0,8476323
Max Pacioretty,330.0,8474157
Max Reinhart,1.0,8475733
Max Sauve,0.0,8474607
Max Talbot,61.0,8470171
Max Veronneau,2.0,8480314
Max Willman,7.0,8478051
Maxence Guenette,0.0,8481679
Maxim Afinogenov,30.0,8466202
Maxim Lapierre,52.0,8470654
Maxim Letunov,1.0,8477983
Maxim Mamin,10.0,8479553
Maxim Noreau,0.0,8474222
Maxime Fortunus,0.0,8469798
Maxime Lajoie,7.0,8479320
Maxime Macenauer,1.0,8474139
Maxwell Crozier,0.0,8481719
Melker Karlsson,59.0,8477922
Michael Amadio,57.0,8478020
Michael Bournival,12.0,8475739
Michael Bunting,76.0,8478047
Michael Cammalleri,201.0,8469500
Michael Carcone,27.0,8479619
Michael Caruso,0.0,8473416
Michael Chaput,6.0,8475808
Michael Dal Colle,8.0,8477936
Michael Del Zotto,63.0,8474584
Michael Eyssimont,16.0,8479591
Michael Frolik,159.0,8473564
Michael Grabner,176.0,8473546
Michael Kapla,0.0,8480081
Michael Keranen,0.0,8477923
Michael Kesselring,5.0,8480891
Michael Kostka,4.0,8474497
Michael Latta,4.0,8475247
Michael Matheson,0.0,8476875
Michael McCarron,23.0,8477446
Michael McLeod,29.0,8479415
Michael Mersch,1.0,8476352
Michael Nylander,9.0,8458573
Michael Paliotta,0.0,8476394
Michael Peca,4.0,8458976
Michael Pezzetta,15.0,8479543
Michael Raffl,90.0,8477290
Michael Rasmussen,49.0,8479992
Michael Ryan,0.0,8467905
Michael Ryder,137.0,8467545
Michael Sauer,4.0,8471714
Michael Sgarbossa,8.0,8475958
Michael Stone,41.0,8474628
Michael Zalewski,0.0,8477816
Michael Zigomanis,2.0,8467937
Michal Handzus,63.0,8462129
Michal Jordan,3.0,8474661
Michal Kempny,15.0,8479482
Michal Repik,9.0,8474153
Michal Rozsival,22.0,8465058
Micheal Ferland,60.0,8475907
Micheal Haley,11.0,8474230
Michel Ouellet,0.0,8468604
Miikka Salomaki,12.0,8476447
Mika Pyorala,2.0,8475381
Mika Zibanejad,293.0,8476459
Mikael Backlund,200.0,8474150
Mikael Granlund,156.0,8475798
Mikael Pyyhtia,0.0,8482451
Mikael Samuelsson,82.0,8467463
Mike Angelidis,2.0,8471916
Mike Blunden,7.0,8471663
Mike Brown,18.0,8471371
Mike Commodore,9.0,8467915
Mike Comrie,24.0,8467964
Mike Connolly,0.0,8476225
Mike Duco,0.0,8471941
Mike Fisher,163.0,8467370
Mike Green,129.0,8471242
Mike Grier,25.0,8459640
Mike Halmo,1.0,8476765
Mike Hardman,1.0,8482635
Mike Hoffman,227.0,8474884
Mike Iggulden,1.0,8471641
Mike Knuble,90.0,8458590
Mike Komisarek,4.0,8469460
Mike Liambas,0.0,8475436
Mike Lundin,4.0,8471314
Mike Matheson,68.0,8476875
Mike Modano,33.0,8449645
Mike Moore,1.0,8474531
Mike Mottau,3.0,8466309
Mike Reilly,18.0,8476422
Mike Ribeiro,133.0,8467371
Mike Richards,132.0,8470617
Mike Rupp,29.0,8467336
Mike Santorelli,64.0,8471390
Mike Sillinger,2.0,8451359
Mike Sislo,3.0,8476209
Mike Van Ryn,3.0,8467350
Mike Vecchione,0.0,8480087
Mike Vernace,0.0,8471413
Mike Weaver,5.0,8468478
Mike Weber,9.0,8473426
Mike York,0.0,8466266
Mikey Anderson,11.0,8479998
Mikhail Grabovski,121.0,8471362
Mikhail Grigorenko,25.0,8476888
Mikhail Maltsev,6.0,8479573
Mikhail Sergachev,48.0,8479410
Mikhail Vorobyev,2.0,8478844
Mikkel Boedker,117.0,8474571
Mikko Koivu,169.0,8469459
Mikko Lehtonen,0.0,8471747
Mikko Rantanen,263.0,8478420
Milan Hejduk,90.0,8460577
Milan Jurcina,11.0,8469684
Milan Kytnar,0.0,8474128
Milan Lucic,225.0,8473473
Milan Michalek,140.0,8470599
Miles Wood,87.0,8477425
Milos Kelemen,1.0,8483597
Mirco Mueller,5.0,8477509
Miro Heiskanen,53.0,8480036
Miroslav Satan,26.0,8459534
Mitch Callahan,0.0,8475296
Mitch Marner,26.0,8478483
Mitch Reinke,0.0,8480761
Mitchell Chaffee,4.0,8482070
Mitchell Fritz,0.0,8468884
Mitchell Marner,169.0,8478483
Mitchell Stephens,5.0,8478477
Morgan Barron,22.0,8480289
Morgan Ellis,0.0,8475782
Morgan Frost,39.0,8480028
Morgan Geekie,39.0,8479987
Morgan Klimchuk,0.0,8477449
Morgan Rielly,79.0,8476853
Moritz Seider,21.0,8481542
Nail Yakupov,62.0,8476855
Nate Guenin,5.0,8470317
Nate Prosser,11.0,8475613
Nate Raduns,0.0,8474225
Nate Schmidt,47.0,8477220
Nate Thompson,65.0,8470775
Nathan Bastian,29.0,8479414
Nathan Beaulieu,12.0,8476470
Nathan Gerbe,63.0,8471804
Nathan Horton,102.0,8470596
Nathan MacKinnon,336.0,8477492
Nathan McIver,0.0,8470843
Nathan Oystrick,5.0,8470136
Nathan Paetsch,3.0,8469509
Nathan Smith,2.0,8468503
Nathan Walker,20.0,8477573
Nazem Kadri,272.0,8475172
Neal Pionk,34.0,8480145
Nelson Nogier,0.0,8478031
Nic Dowd,70.0,8475343
Nic Petan,7.0,8477464
Nicholas Abruzzese,1.0,8481720
Nicholas Baptiste,7.0,8477491
Nicholas Merkley,3.0,8478447
Nicholas Paul,57.0,8477426
Nicholas Robertson,17.0,8481582
Nicholas Shore,3.0,8476406
Nick Abruzzese,0.0,8481720
Nick Bjugstad,149.0,8475760
Nick Blankenburg,6.0,8483565
Nick Bonino,159.0,8474009
Nick Boynton,7.0,8466145
Nick Caamano,1.0,8479381
Nick Cicek,0.0,8482824
Nick Cousins,71.0,8476393
Nick DeSimone,2.0,8480084
Nick Drazenovic,0.0,8471832
Nick Foligno,226.0,8473422
Nick Holden,52.0,8474207
Nick Jensen,19.0,8475324
Nick Johnson,14.0,8471280
Nick Lappin,5.0,8479250
Nick Leddy,73.0,8475181
Nick Merkley,1.0,8478447
Nick Palmieri,13.0,8473999
Nick Paul,18.0,8477426
Nick Perbix,7.0,8480246
Nick Petrecki,0.0,8474032
Nick Ritchie,84.0,8477941
Nick Schmaltz,122.0,8477951
Nick Schultz,11.0,8468513
Nick Seeler,8.0,8476372
Nick Shore,15.0,8476406
Nick Sorensen,0.0,8477466
Nick Spaling,52.0,8474096
Nick Suzuki,107.0,8480018
Nick Swaney,0.0,8480275
Nick Tarnasky,2.0,8470876
Nicklas Backstrom,257.0,8473563
Nicklas Grossmann,13.0,8471269
Nicklas Jensen,3.0,8476482
Nicklas Lidstrom,51.0,8457063
Niclas Bergfors,35.0,8471697
Niclas Havelid,2.0,8467956
Niclas Wallin,5.0,8468577
Nico Hischier,136.0,8480002
Nico Sturm,39.0,8481477
Nicolas Aube-Kubel,31.0,8477979
Nicolas Beaudin,2.0,8480814
Nicolas Blanchard,0.0,8471853
Nicolas Deschamps,0.0,8474598
Nicolas Deslauriers,51.0,8475235
Nicolas Hague,15.0,8479980
Nicolas Kerdiles,0.0,8476866
Nicolas Meloche,2.0,8478467
Nicolas Roy,53.0,8478462
Nigel Dawes,24.0,8470741
Nik Antropov,89.0,8467353
Nikita Alexandrov,3.0,8481543
Nikita Chibrikov,1.0,8482787
Nikita Filatov,6.0,8474566
Nikita Gusev,17.0,8477038
Nikita Kucherov,319.0,8476453
Nikita Nesterenko,2.0,8481754
Nikita Nesterov,9.0,8476300
Nikita Nikitin,17.0,8471348
Nikita Okhotiuk,3.0,8481537
Nikita Scherbak,6.0,8477957
Nikita Soshnikov,8.0,8478373
Nikita Tryamkin,3.0,8477997
Nikita Zadorov,46.0,8477507
Nikita Zaitsev,22.0,8479458
Niklas Hagman,67.0,8467943
Niklas Hjalmarsson,25.0,8471769
Niklas Kronwall,73.0,8468509
Niko Mikkola,8.0,8478859
Nikolai Knyzhov,3.0,8481812
Nikolai Prokhorkin,4.0,8476947
Nikolaj Ehlers,201.0,8477940
Nikolas Matinpalo,0.0,8484321
Nikolay Goldobin,18.0,8477958
Nikolay Kulemin,121.0,8473579
Nikolay Zherdev,39.0,8470597
Nils Aman,7.0,8482496
Nils Hoglander,50.0,8481535
Nils Lundkvist,9.0,8480878
Nino Niederreiter,223.0,8475799
Noah Cates,24.0,8480220
Noah Dobson,40.0,8480865
Noah Gregor,32.0,8479393
Noah Hanifin,62.0,8478396
Noah Juulsen,2.0,8478454
Noah Welch,1.0,8469505
Noel Acciari,62.0,8478569
Nolan Baumgartner,1.0,8460500
Nolan Foote,6.0,8481518
Nolan Patrick,32.0,8479974
Nolan Yonkman,0.0,8467910
Ole-Kristian Tollefsen,0.0,8470170
Olen Zellweger,2.0,8482803
Oliver Bjorkstrand,151.0,8477416
Oliver Ekman-Larsson,144.0,8475171
Oliver Kylington,17.0,8478430
Oliver Lauridsen,2.0,8475342
Oliver Wahlstrom,34.0,8480789
Olivier Magnan,0.0,8471508
Olle Alsing,0.0,8481629
Olle Lycksell,1.0,8480245
Olli Jokinen,113.0,8466140
Olli Juolevi,2.0,8479355
Olli Maatta,40.0,8476874
Ondrej Kase,57.0,8478131
Ondrej Palat,162.0,8476292
Ondrej Pavel,0.0,8484259
Oscar Fantenberg,5.0,8480147
Oscar Klefbom,34.0,8476472
Oscar Lindberg,39.0,8475715
Oscar Moller,12.0,8474114
Oskar Lindblom,56.0,8478067
Oskar Olausson,0.0,8482712
Oskar Osala,0.0,8473496
Oskar Steen,4.0,8479546
Oskar Sundqvist,56.0,8476897
Oskars Bartulis,1.0,8471756
Ossi Vaananen,1.0,8467369
Otto Koivula,0.0,8479526
Otto Leskinen,0.0,8481105
Owen Beck,0.0,8483424
Owen Nolan,41.0,8449895
Owen Power,12.0,8482671
Owen Tippett,73.0,8480015
P.J. Axelsson,6.0,8462209
P.K. Subban,115.0,8474056
PA Parenteau,114.0,8469707
Par Lindholm,4.0,8480944
Parker Kelly,17.0,8480448
Parker Wotherspoon,0.0,8478450
Pascal Dupuis,107.0,8466393
Pascal Pelletier,0.0,8469752
Pat Maroon,43.0,8474034
Patric Hornqvist,264.0,8471887
Patrice Bergeron,354.0,8470638
Patrice Brisebois,5.0,8445739
Patrice Cormier,1.0,8474616
Patrick Bordeleau,8.0,8471326
Patrick Brown,10.0,8477887
Patrick Cannone,0.0,8476219
Patrick Davis,1.0,8471764
Patrick Dwyer,42.0,8470302
Patrick Eaves,93.0,8470622
Patrick Holland,0.0,8475889
Patrick Kaleta,24.0,8471388
Patrick Kane,450.0,8474141
Patrick Marleau,328.0,8466139
Patrick Maroon,78.0,8474034
Patrick O'Sullivan,31.0,8470649
Patrick Rissmiller,0.0,8470321
Patrick Russell,0.0,8479466
Patrick Sharp,212.0,8469544
Patrick Sieloff,2.0,8476890
Patrick Wey,0.0,8475275
Patrick Wiercioch,16.0,8474605
Patrik Berglund,170.0,8473534
Patrik Elias,144.0,8460542
Patrik Koch,0.0,8484326
Patrik Laine,204.0,8479339
Patrik Nemeth,10.0,8475747
Paul Bissonnette,7.0,8470713
Paul Byron,98.0,8474038
Paul Carey,8.0,8474008
Paul Cotter,22.0,8481032
Paul Gaustad,61.0,8468700
Paul Kariya,20.0,8459426
Paul LaDue,5.0,8476983
Paul Mara,6.0,8466144
Paul Martin,31.0,8468542
Paul Postma,10.0,8474074
Paul Ranger,9.0,8470085
Paul Stastny,241.0,8471669
Paul Szczechura,10.0,8473898
Paul Thompson,0.0,8476200
Pavel Buchnevich,163.0,8477402
Pavel Datsyuk,175.0,8467514
Pavel Dorofeyev,20.0,8481604
Pavel Kubina,27.0,8465210
Pavel Mintyukov,4.0,8483490
Pavel Zacha,111.0,8478401
Pavol Demitra,23.0,8459648
Pavol Regenda,1.0,8483630
Per Ledin,0.0,8473407
Perttu Lindgren,0.0,8471738
Peter Cehlarik,5.0,8477417
Peter Forsberg,0.0,8458520
Peter Harrold,11.0,8472394
Peter Holland,35.0,8475180
Peter LeBlanc,0.0,8473505
Peter Mueller,41.0,8473526
Peter Olvecky,2.0,8471290
Peter Regin,23.0,8471299
Peter Schaefer,1.0,8462093
Petr Kalus,0.0,8471713
Petr Prucha,19.0,8470072
Petr Straka,0.0,8475723
Petr Sykora,48.0,8460465
Petr Vrana,1.0,8470635
Petter Granberg,0.0,8475774
Petteri Lindbohm,2.0,8476989
Petteri Nokelainen,12.0,8471229
Peyton Krebs,20.0,8481522
Phil Kessel,382.0,8473548
Phil Oreskovic,1.0,8471746
Phil Varone,8.0,8475321
Philip Broberg,2.0,8481598
Philip Holm,0.0,8480163
Philip Kemp,0.0,8480274
Philip Larsen,9.0,8474707
Philip McRae,1.0,8474592
Philip Samuelsson,0.0,8475194
Philip Tomasino,23.0,8481577
Philipp Kurashev,41.0,8480798
Philippe Boucher,3.0,8458527
Philippe Cornet,0.0,8474691
Philippe Dupuis,6.0,8470697
Philippe Maillet,0.0,8477544
Philippe Myers,8.0,8479026
Phillip Danault,117.0,8476479
Phillip Di Giuseppe,27.0,8476858
Pierre Engvall,57.0,8478115
Pierre-Cedric Labrie,2.0,8474201
Pierre-Edouard Bellemare,64.0,8477930
Pierre-Luc Dubois,145.0,8479400
Pierre-Luc Letourneau-Leblond,0.0,8471428
Pierre-Marc Bouchard,49.0,8470153
Pierre-Olivier Joseph,8.0,8480058
Pierrick Dube,0.0,8483920
Pius Suter,57.0,8480459
Pontus Aberg,17.0,8476857
Pontus Holmberg,12.0,8480995
Quinn Hughes,43.0,8480800
Quintin Laing,2.0,8466232
Quinton Byfield,28.0,8482124
Quinton Howden,10.0,8475769
R.J. Umberger,131.0,8469469
Radek Bonk,9.0,8460105
Radek Dvorak,48.0,8462041
Radek Faksa,88.0,8476889
Radek Martinek,15.0,8468101
Radek Smolenak,0.0,8471736
Radim Simek,7.0,8480160
Radim Vrbata,182.0,8468085
Radim Zohorna,9.0,8482241
Radko Gudas,40.0,8475462
Rafael Harvey-Pinard,17.0,8481093
Raffi Torres,70.0,8468485
Raitis Ivanans,2.0,8469120
Raman Hrabarenka,0.0,8477127
Randy Jones,11.0,8470905
Raphael Diaz,8.0,8476244
Raphael Lavoie,0.0,8481534
Rasmus Andersson,36.0,8478397
Rasmus Asplund,18.0,8479335
Rasmus Dahlin,66.0,8480839
Rasmus Kupari,9.0,8480845
Rasmus Rissanen,0.0,8475294
Rasmus Ristolainen,53.0,8477499
Rasmus Sandin,16.0,8480873
Ray Macias,0.0,8471786
Ray Whitney,104.0,8458537
Raymond Sawada,1.0,8471265
Reese Johnson,7.0,8481147
Reid Boucher,20.0,8476423
Reilly Smith,213.0,8475191
Reilly Walsh,0.0,8480054
Rem Pitlick,21.0,8479514
Remi Elie,7.0,8477461
Rene Bourque,129.0,8471504
Rhett Gardner,1.0,8479587
Rhett Rakhshani,0.0,8473456
Rich Clune,7.0,8471733
Rich Peverley,79.0,8471514
Richard Panik,86.0,8475209
Richard Park,30.0,8460541
Richard Petiot,0.0,8469564
Richard Zednik,17.0,8460735
Rick Nash,282.0,8470041
Rick Rypien,7.0,8471628
Rickard Rakell,201.0,8476483
Rickard Wallin,2.0,8467491
Ridly Greig,15.0,8482092
Riley Armstrong,0.0,8471516
Riley Barber,0.0,8477003
Riley Cote,0.0,8468786
Riley Damiani,1.0,8480988
Riley Nash,63.0,8474062
Riley Sheahan,74.0,8475772
Riley Stillman,4.0,8479388
Riley Tufte,2.0,8479362
Rinat Valiev,0.0,8477642
Rob Blake,17.0,8445550
Rob Davison,0.0,8467422
Rob Klinkhammer,22.0,8473970
Rob Niedermayer,29.0,8459427
Rob O'Gara,0.0,8476303
Rob Schremp,20.0,8471238
Rob Scuderi,6.0,8467452
Robbie Earl,6.0,8471399
Robbie Russo,0.0,8476418
Robby Fabbri,98.0,8477952
Robert Bortuzzo,20.0,8474145
Robert Hagg,16.0,8477462
Robert Lang,27.0,8456966
Robert Nilsson,20.0,8470608
Robert Thomas,86.0,8480023
Robin Salo,3.0,8480071
Roby Jarventie,0.0,8482162
Robyn Regehr,11.0,8467344
Rocco Grimaldi,30.0,8476428
Rod Brind'Amour,25.0,8445735
Rod Pelley,7.0,8472355
Roland McKeown,0.0,8477981
Roman Cervenka,9.0,8476834
Roman Hamrlik,19.0,8458938
Roman Horak,6.0,8475264
Roman Josi,181.0,8474600
Roman Lyubimov,4.0,8479648
Roman Polak,26.0,8471392
Roman Wick,0.0,8471368
Ron Hainsey,40.0,8468493
Ronalds Kenins,4.0,8477589
Ronnie Attard,2.0,8481521
Roope Hintz,146.0,8478449
Ross Colton,64.0,8479525
Ross Johnston,10.0,8477527
Rostislav Klesla,13.0,8468484
Rostislav Olesz,24.0,8471220
Rourke Chartier,3.0,8478078
Rudolfs Balcers,28.0,8478870
Ruslan Fedotenko,50.0,8468172
Ruslan Iskhakov,0.0,8481016
Ruslan Salei,7.0,8464962
Ryan Bayda,5.0,8468560
Ryan Bourque,0.0,8475243
Ryan Callahan,175.0,8471339
Ryan Carpenter,32.0,8477846
Ryan Carter,37.0,8473646
Ryan Craig,2.0,8470065
Ryan Donato,77.0,8477987
Ryan Dzingel,87.0,8476288
Ryan Ellis,76.0,8475176
Ryan Garbutt,39.0,8476116
Ryan Getzlaf,219.0,8470612
Ryan Graves,31.0,8477435
Ryan Hamilton,1.0,8472424
Ryan Hartman,128.0,8477451
Ryan Hollweg,0.0,8469681
Ryan Johansen,202.0,8475793
Ryan Johnson,4.0,8460527
Ryan Johnston,0.0,8478963
Ryan Jones,54.0,8471323
Ryan Keller,0.0,8471972
Ryan Kesler,219.0,8470616
Ryan Kuffner,0.0,8481426
Ryan Lindgren,10.0,8479324
Ryan Lomberg,28.0,8479066
Ryan MacInnis,0.0,8477974
Ryan Malone,92.0,8467988
Ryan McDonagh,76.0,8474151
Ryan McLeod,32.0,8480802
Ryan Merkley,1.0,8480847
Ryan Murphy,8.0,8476465
Ryan Murray,15.0,8476850
Ryan Nugent-Hopkins,251.0,8476454
Ryan O'Byrne,4.0,8470672
Ryan O'Marra,1.0,8471689
Ryan O'Reilly,281.0,8475158
Ryan Parent,1.0,8471692
Ryan Poehling,31.0,8480068
Ryan Potulny,15.0,8470680
Ryan Pulock,48.0,8477506
Ryan Reaves,63.0,8471817
Ryan Russell,2.0,8471868
Ryan Shannon,28.0,8471634
Ryan Shea,1.0,8478854
Ryan Smyth,102.0,8460496
Ryan Spooner,48.0,8475727
Ryan Sproul,2.0,8476450
Ryan Stanton,4.0,8475598
Ryan Stoa,4.0,8471708
Ryan Stone,0.0,8470625
Ryan Strome,156.0,8476458
Ryan Suter,89.0,8470600
Ryan Thang,0.0,8474143
Ryan Vesce,3.0,8472215
Ryan White,31.0,8473466
Ryan Whitney,18.0,8470309
Ryan Wilson,7.0,8473700
Ryan Winterton,0.0,8482751
Ryane Clowe,93.0,8469622
Ryker Evans,1.0,8482858
Saku Koivu,80.0,8459442
Saku Maenalanen,8.0,8477357
Sam Bennett,137.0,8477935
Sam Carrick,28.0,8475842
Sam Colangelo,1.0,8482118
Sam Gagner,184.0,8474040
Sam Lafferty,35.0,8478043
Sam Malinski,3.0,8484258
Sam Poulin,0.0,8481591
Sam Reinhart,254.0,8477933
Sam Steel,44.0,8479351
Sami Lepisto,6.0,8471279
Sami Niku,2.0,8478915
Sami Salo,32.0,8465202
Sami Vatanen,47.0,8475222
Sammy Blais,27.0,8478104
Sammy Walker,0.0,8480267
Sampo Ranta,0.0,8480846
Samuel Bolduc,4.0,8481541
Samuel Fagemo,3.0,8481239
Samuel Girard,31.0,8479398
Samuel Henley,1.0,8476511
Samuel Knazko,0.0,8482448
Samuel Laberge,0.0,8478956
Samuel Morin,1.0,8477502
Samuel Pahlsson,21.0,8465192
Samuel Walker,1.0,8480267
Santeri Hatakka,0.0,8481701
Sasha Chmelevski,0.0,8480053
Scott Glennie,0.0,8475173
Scott Gomez,50.0,8467351
Scott Hannan,11.0,8466158
Scott Harrington,11.0,8476449
Scott Hartnell,210.0,8468486
Scott Jackson,0.0,8471711
Scott Kosmachuk,0.0,8476910
Scott Laughton,94.0,8476872
Scott Lehman,0.0,8471288
Scott Mayfield,25.0,8476429
Scott Morrow,0.0,8482666
Scott Nichol,16.0,8459687
Scott Niedermayer,24.0,8458517
Scott Parse,14.0,8471386
Scott Perunovich,0.0,8481059
Scott Reedy,7.0,8480060
Scott Sabourin,2.0,8477149
Scott Timmins,1.0,8475304
Scott Walker,10.0,8459547
Scott Wilson,20.0,8476293
Scottie Upshall,107.0,8470105
Sean Avery,25.0,8468224
Sean Bentivoglio,0.0,8473905
Sean Bergenheim,81.0,8470176
Sean Collins,2.0,8473913
Sean Couturier,191.0,8476461
Sean Day,0.0,8479413
Sean Durzi,21.0,8480434
Sean Farrell,1.0,8482081
Sean Kuraly,58.0,8476374
Sean Malone,0.0,8477391
Sean Monahan,244.0,8477497
Sean O'Donnell,4.0,8458637
Sean Walker,27.0,8480336
Sebastian Aho,131.0,8478427
Semyon Der-Arguchintsev,0.0,8480977
Sergei Fedorov,11.0,8446788
Sergei Gonchar,35.0,8458951
Sergei Kostitsyn,61.0,8471859
Sergei Plotnikov,0.0,8478928
Sergei Samsonov,43.0,8466035
Sergei Shirokov,1.0,8473488
Sergei Zubov,0.0,8458494
Sergey Kalinin,10.0,8478566
Sergey Tolchinsky,0.0,8477566
Seth Griffith,8.0,8476495
Seth Helgeson,1.0,8475274
Seth Jarvis,64.0,8482093
Seth Jones,90.0,8477495
Shakir Mukhamadullin,0.0,8482166
Shane Bowers,0.0,8480032
Shane Doan,173.0,8462038
Shane Gersich,0.0,8478063
Shane Harper,2.0,8475597
Shane Hnidy,5.0,8460661
Shane O'Brien,7.0,8470839
Shane Pinto,30.0,8481596
Shane Prince,12.0,8476386
Shane Sims,0.0,8473611
Shane Wright,5.0,8483524
Shaone Morrisonn,5.0,8469472
Shaun Heshka,0.0,8471895
Shawn Belle,0.0,8470623
Shawn Horcoff,83.0,8467423
Shawn Lalonde,0.0,8474629
Shawn Matthias,88.0,8473574
Shawn Thornton,34.0,8465978
Shayne Gostisbehere,97.0,8476906
Shea Theodore,71.0,8477447
Shea Weber,199.0,8470642
Shean Donovan,7.0,8459450
Sheldon Brookbank,7.0,8469992
Sheldon Dries,16.0,8480326
Sheldon Rempal,2.0,8480776
Sheldon Souray,40.0,8460561
Sidney Crosby,493.0,8471675
Simon Benoit,5.0,8481122
Simon Despres,6.0,8475155
Simon Edvinsson,3.0,8482762
Simon Gagne,83.0,8467346
Simon Holmstrom,21.0,8481601
Simon Moser,1.0,8477666
Simon Nemec,3.0,8483495
Slater Koekkoek,8.0,8476886
Slava Voynov,18.0,8474594
Sonny Milano,62.0,8477947
Spencer Abbott,0.0,8476805
Spencer Foo,2.0,8480330
Spencer Machacek,2.0,8474146
Spencer Stastney,2.0,8481056
Staffan Kronwall,1.0,8470058
Stanislav Galiev,1.0,8475816
Stanislav Svozil,0.0,8482711
Stefan Della Rovere,0.0,8474762
Stefan Elliott,8.0,8475206
Stefan Matteau,6.0,8476870
Stefan Meyer,0.0,8470648
Stefan Noesen,58.0,8476474
Stephane Da Costa,7.0,8476205
Stephane Robidas,30.0,8462196
Stephane Veilleux,20.0,8469542
Stephane Yelle,11.0,8459122
Stephen Gionta,16.0,8472410
Stephen Johns,15.0,8475730
Stephen Weiss,95.0,8469457
Steve Begin,16.0,8464994
Steve Bernier,60.0,8470609
Steve Downie,70.0,8471703
Steve Eminger,13.0,8470192
Steve MacIntyre,2.0,8470896
Steve Montador,19.0,8468927
Steve Oleksy,3.0,8476162
Steve Ott,88.0,8468505
Steve Regier,3.0,8471360
Steve Reinprecht,34.0,8468432
Steve Staios,6.0,8458541
Steve Sullivan,62.0,8460719
Steve Wagner,2.0,8473916
Steven Fogarty,1.0,8476396
Steven Goertzen,2.0,8470064
Steven Kampfer,15.0,8474000
Steven Lorentz,21.0,8478904
Steven Pinizzotto,2.0,8473911
Steven Santini,5.0,8477463
Steven Stamkos,556.0,8474564
Steven Zalewski,0.0,8471365
Stu Bickel,0.0,8474772
Stuart Percy,0.0,8476478
Sven Andrighetto,31.0,8477413
Sven Baertschi,66.0,8476466
T.J. Hensick,6.0,8471753
T.J. Oshie,302.0,8471698
T.J. Tynan,0.0,8476391
TJ Brennan,5.0,8474113
TJ Brodie,56.0,8474673
TJ Galiardi,44.0,8474001
TJ Tynan,0.0,8476391
Tage Thompson,132.0,8479420
Tanner Fritz,3.0,8479206
Tanner Glass,23.0,8470854
Tanner Jeannot,42.0,8479661
Tanner Kero,11.0,8478528
Tanner Laczynski,2.0,8479550
Tanner Pearson,137.0,8476871
Tanner Richard,0.0,8476911
Tarmo Reunanen,0.0,8479462
Taro Hirose,4.0,8481433
Taylor Beck,11.0,8475192
Taylor Chorney,4.0,8471710
Taylor Fedun,8.0,8476166
Taylor Hall,266.0,8475791
Taylor Leier,2.0,8476955
Taylor Pyatt,59.0,8467881
Taylor Raddysh,36.0,8479390
Teddy Blueger,41.0,8476927
Teddy Purcell,100.0,8473962
Teemu Hartikainen,6.0,8474719
Teemu Laakso,0.0,8471741
Teemu Pulkkinen,13.0,8475800
Teemu Selanne,132.0,8457981
Teppo Numminen,2.0,8449924
Teuvo Teravainen,155.0,8476882
Theo Peckham,4.0,8473525
Thomas Bordeleau,6.0,8482133
Thomas Chabot,62.0,8478469
Thomas Di Pauli,0.0,8476974
Thomas Harley,16.0,8481581
Thomas Hickey,22.0,8474066
Thomas Novak,1.0,8478438
Thomas Pock,1.0,8469919
Thomas Vanek,269.0,8470598
Tim Berni,1.0,8481072
Tim Brent,20.0,8470283
Tim Conboy,0.0,8470101
Tim Connolly,61.0,8467878
Tim Erixon,2.0,8475148
Tim Gettinger,0.0,8479364
Tim Gleason,10.0,8469476
Tim Heed,6.0,8475841
Tim Jackman,30.0,8469490
Tim Kennedy,15.0,8471842
Tim Schaller,29.0,8477213
Tim Sestito,0.0,8471636
Tim Stapleton,19.0,8472379
Tim Sttzle,57.0,8482116
Tim Stutzle,30.0,8482116
Tim Wallace,4.0,8473734
Timo Meier,191.0,8478414
Timothy Gettinger,0.0,8479364
Timothy Liljegren,14.0,8480043
Tobias Bjornfot,1.0,8481600
Tobias Lindberg,0.0,8477427
Tobias Rieder,64.0,8476356
Toby Enstrom,49.0,8470828
Toby Petersen,16.0,8467543
Todd Bertuzzi,74.0,8459444
Todd Fedoruk,9.0,8466292
Todd Marchant,15.0,8459587
Todd White,31.0,8466392
Tom Cavanagh,1.0,8469629
Tom Gilbert,31.0,8470104
Tom Kostopoulos,29.0,8466398
Tom Kuhnhackl,18.0,8475832
Tom Poti,9.0,8465012
Tom Preissing,3.0,8470575
Tom Pyatt,43.0,8471768
Tom Sestito,10.0,8473542
Tom Wandell,20.0,8471807
Tom Wilson,146.0,8476880
Tomas Fleischmann,123.0,8470039
Tomas Hertl,220.0,8476881
Tomas Holmstrom,68.0,8460743
Tomas Hyka,2.0,8476617
Tomas Jurco,22.0,8476430
Tomas Kaberle,18.0,8465200
Tomas Kana,0.0,8473491
Tomas Kopecky,62.0,8468518
Tomas Kubalik,1.0,8474693
Tomas Kundratek,1.0,8474649
Tomas Mojzis,0.0,8469689
Tomas Nosek,44.0,8477931
Tomas Plekanec,175.0,8469521
Tomas Plihal,5.0,8469587
Tomas Tatar,219.0,8475193
Tomas Vincour,7.0,8475266
Tommy Cross,0.0,8474019
Tommy Novak,35.0,8478438
Tommy Wingels,62.0,8474739
Toni Lydman,10.0,8465042
Tony DeAngelo,48.0,8477950
Torey Krug,90.0,8476792
Torrey Mitchell,57.0,8471338
Travis Boyd,47.0,8476329
Travis Dermott,16.0,8478408
Travis Hamonic,52.0,8474612
Travis Konecny,173.0,8478439
Travis Moen,37.0,8468635
Travis Morin,0.0,8471474
Travis Sanheim,45.0,8477948
Travis Turnbull,1.0,8475102
Travis Zajac,172.0,8471233
Trent Frederic,47.0,8479365
Trent Hunter,28.0,8467466
Trent Whitfield,0.0,8465056
Trevor Carrick,0.0,8476953
Trevor Daley,76.0,8470110
Trevor Frischmon,0.0,8473687
Trevor Gillies,2.0,8467579
Trevor Lewis,97.0,8473453
Trevor Moore,76.0,8479675
Trevor Murphy,1.0,8477634
Trevor Smith,9.0,8473942
Trevor Zegras,55.0,8481533
Trevor van Riemsdyk,24.0,8477845
Trey Fix-Wolansky,4.0,8480441
Tristan Luneau,1.0,8483482
Tristen Robins,0.0,8482181
Triston Grant,0.0,8470899
Troy Bodie,9.0,8470867
Troy Brouwer,182.0,8471426
Troy Stecher,19.0,8479442
Troy Terry,95.0,8478873
Tucker Poolman,6.0,8477359
Tuomo Ruutu,96.0,8469462
Turner Elson,0.0,8476505
Ty Dellandrea,14.0,8480848
Ty Emberson,1.0,8480834
Ty Rattie,13.0,8476427
Ty Smith,8.0,8480883
Ty Wishart,1.0,8473501
Tyce Thompson,0.0,8481740
Tye Kartye,11.0,8481789
Tye McGinn,9.0,8475775
Tyler Angle,1.0,8481690
Tyler Arnason,5.0,8467483
Tyler Benson,1.0,8479347
Tyler Bertuzzi,113.0,8477479
Tyler Bozak,170.0,8475098
Tyler Cuma,0.0,8474585
Tyler Eckford,0.0,8471429
Tyler Ennis,144.0,8474589
Tyler Gaudet,1.0,8477715
Tyler Graovac,12.0,8476344
Tyler Johnson,193.0,8474870
Tyler Kennedy,79.0,8471311
Tyler Kleven,0.0,8482095
Tyler Lewington,1.0,8477343
Tyler Motte,49.0,8477353
Tyler Myers,93.0,8474574
Tyler Pitlick,57.0,8475752
Tyler Randell,6.0,8475292
Tyler Seguin,351.0,8475794
Tyler Sloan,4.0,8468846
Tyler Toffoli,260.0,8475726
Tyler Tucker,2.0,8481006
Tyler Wotherspoon,0.0,8476452
Tyrell Goulbourne,0.0,8477399
Tyson Barrie,110.0,8475197
Tyson Foerster,23.0,8482159
Tyson Jost,58.0,8479370
Tyson Strachan,1.0,8470729
Urho Vaakanainen,1.0,8480001
Uvis Balinskis,1.0,8484304
Vadim Shipachyov,1.0,8479650
Valentin Zykov,7.0,8477458
Valeri Nichushkin,117.0,8477501
Valtteri Filppula,167.0,8470047
Valtteri Puustinen,5.0,8481703
Vasily Podkolzin,18.0,8481617
Vasily Ponomarev,1.0,8482102
Vernon Fiddler,70.0,8469759
Victor Antipin,0.0,8479755
Victor Bartley,1.0,8473658
Victor Ejdsell,0.0,8480153
Victor Hedman,156.0,8475167
Victor Mete,5.0,8479376
Victor Olofsson,90.0,8478109
Victor Oreskovich,2.0,8471268
Victor Rask,89.0,8476437
Victor Soderstrom,1.0,8481599
Viktor Arvidsson,178.0,8478042
Viktor Kozlov,13.0,8459428
Viktor Lodin,0.0,8481657
Viktor Loov,0.0,8477033
Viktor Stalberg,82.0,8473537
Viktor Svedberg,2.0,8477300
Viktor Tikhonov,10.0,8474588
Ville Heinola,1.0,8481572
Ville Koistinen,4.0,8473385
Ville Leino,40.0,8474551
Ville Peltonen,12.0,8459479
Vince Dunn,64.0,8478407
Vincent Desharnais,1.0,8479576
Vincent Iorio,0.0,8482861
Vincent Lecavalier,148.0,8467329
Vincent Trocheck,197.0,8476389
Vinni Lettieri,12.0,8479968
Vinnie Hinostroza,54.0,8476994
Vinny Prospal,77.0,8459492
Vitali Kravtsov,6.0,8480833
Vitaly Abramov,1.0,8479411
Vladimir Mihalik,0.0,8471704
Vladimir Sobotka,52.0,8471743
Vladimir Tarasenko,293.0,8475765
Vladimir Tkachev,0.0,8478250
Vladimir Zharkov,2.0,8473592
Vladislav Gavrikov,24.0,8478882
Vladislav Kamenev,3.0,8477973
Vladislav Kolyachonok,2.0,8481609
Vladislav Namestnikov,126.0,8476480
Vojtech Mozik,0.0,8478584
Vyacheslav Kozlov,35.0,8456887
Wade Allison,13.0,8479322
Wade Belak,0.0,8460502
Wade Brookbank,1.0,8469044
Wade Megan,1.0,8475263
Wade Redden,8.0,8462033
Walker Duehr,9.0,8482652
Waltteri Merela,1.0,8484325
Warren Foegele,80.0,8477998
Warren Peters,4.0,8468887
Wayne Primeau,3.0,8460507
Wayne Simmonds,263.0,8474190
Wes O'Neill,0.0,8471327
Will Acton,3.0,8476179
Will Borgen,8.0,8478840
Will Butcher,16.0,8477355
Will Cuylle,13.0,8482157
Will O'Neill,0.0,8473440
William Bitten,0.0,8479375
William Borgen,0.0,8478840
William Carrier,58.0,8477478
William Dufour,0.0,8482207
William Eklund,18.0,8482667
William Karlsson,170.0,8476448
William Lagesson,0.0,8478021
William Lockwood,0.0,8479367
William Nylander,216.0,8477939
Willie Mitchell,22.0,8465185
Wojtek Wolski,57.0,8471234
Wyatt Johnston,56.0,8482740
Wyatt Kaiser,0.0,8482176
Wyatt Kalynuk,4.0,8480293
Xavier Ouellet,5.0,8476443
Yakov Trenin,48.0,8478508
Yan Kuznetsov,0.0,8482165
Yan Stastny,4.0,8470223
Yann Sauve,0.0,8474601
Yanni Gourde,126.0,8476826
Yannick Weber,28.0,8474134
Yegor Chinakhov,27.0,8482475
Yegor Sharangovich,83.0,8481068
Yohann Auvitu,5.0,8479483
Zac Dalpe,16.0,8474610
Zac Jones,3.0,8481708
Zac Rinaldo,18.0,8474736
Zach Aston-Reese,42.0,8479944
Zach Benson,11.0,8484145
Zach Bogosian,60.0,8474567
Zach Boychuk,12.0,8474576
Zach Dean,0.0,8482784
Zach Hamill,0.0,8474045
Zach Hyman,202.0,8475786
Zach Parise,357.0,8470610
Zach Redmond,9.0,8474743
Zach Sanford,48.0,8477482
Zach Senyshyn,1.0,8478485
Zach Sill,2.0,8475119
Zach Trotman,3.0,8475902
Zach Werenski,90.0,8478460
Zach Whitecloud,17.0,8480727
Zachary Hayes,0.0,8481849
Zachary Sanford,0.0,8477482
Zack Bolduc,5.0,8482737
Zack Kassian,92.0,8475178
Zack MacEwen,15.0,8479772
Zack Mitchell,3.0,8476619
Zack Ostapchuk,0.0,8482859
Zack Smith,98.0,8474250
Zack Stortini,10.0,8470687
Zbynek Michalek,24.0,8469760
Zdeno Chara,124.0,8465009
Zemgus Girgensons,89.0,8476878
Zenon Konopka,8.0,8469820
